prompt,quality_score,quality_label,clarity,specificity,context,goal_definition,constraints,output_format,role_persona,audience,ambiguity,completeness,actionability,consistency
Write something.,5,POOR,5,5,0,5,0,0,0,0,95,5,5,10
Help me.,5,POOR,5,0,0,5,0,0,0,0,95,5,5,10
Do the thing.,5,POOR,5,0,0,5,0,0,0,0,95,0,5,10
Make it good.,6,POOR,10,5,0,5,0,0,0,0,90,5,5,15
Fix this.,8,POOR,10,5,0,10,0,0,0,0,90,5,10,15
Explain that.,8,POOR,10,5,0,10,0,0,0,0,90,5,10,15
Tell me stuff.,7,POOR,10,5,0,5,0,0,0,0,90,5,5,15
Answer this please.,10,POOR,15,5,0,10,0,0,0,0,85,5,10,20
Code.,5,POOR,5,5,0,5,0,0,0,0,95,5,5,10
Generate.,5,POOR,5,0,0,5,0,0,0,0,95,5,5,10
Ideas.,5,POOR,5,5,0,5,0,0,0,0,95,5,5,10
Analyze.,5,POOR,5,5,0,5,0,0,0,0,95,5,5,10
Translate.,6,POOR,10,5,0,5,0,0,0,0,90,5,5,15
Summarize.,6,POOR,10,5,0,5,0,0,0,0,90,5,5,15
Rewrite.,6,POOR,10,5,0,5,0,0,0,0,90,5,5,15
Improve this text.,12,POOR,20,10,0,15,0,0,0,0,80,10,15,20
Give me ideas for my project.,15,POOR,25,10,0,20,0,0,0,0,75,10,20,25
Write an article.,14,POOR,25,10,0,15,0,0,0,0,80,10,15,20
Make a Python script.,18,POOR,30,15,0,20,0,0,0,0,75,15,25,25
Teach me math.,15,POOR,25,10,0,20,0,0,0,0,78,10,20,20
Write code for an app.,18,POOR,25,15,0,20,0,0,0,0,75,15,20,25
Tell me about history.,15,POOR,25,10,0,15,0,0,0,0,80,10,20,20
Create a cool picture prompt.,20,POOR,30,15,0,25,0,0,0,0,70,15,25,30
Write a sales pitch.,20,POOR,30,15,0,25,0,0,0,0,70,15,25,30
Do some financial modeling.,22,POOR,30,20,0,25,0,0,0,0,70,20,25,30
I want a story.,14,POOR,25,10,0,20,0,0,0,0,80,10,20,25
Fix my bug.,15,POOR,20,10,0,20,0,0,0,0,80,10,20,20
Give me marketing advice.,18,POOR,25,15,0,20,0,0,0,0,75,15,20,25
Write an essay for school.,20,POOR,30,15,0,25,0,0,0,10,70,15,25,30
Build a website.,18,POOR,25,15,0,20,0,0,0,0,75,15,20,25
Can you write a poem about life?,22,POOR,35,20,0,25,0,0,0,0,65,20,30,35
Write a letter to my boss.,24,POOR,35,20,0,30,0,0,0,15,65,20,30,35
I need a database schema.,25,POOR,35,25,0,30,0,0,0,0,65,25,30,35
Give me research topics in AI.,26,POOR,40,25,0,30,0,0,0,0,60,25,35,40
Create a workout routine.,26,POOR,40,25,0,30,0,0,0,0,60,25,35,40
How do I make money online?,22,POOR,35,20,0,25,0,0,0,0,65,20,30,35
Suggest a business idea.,22,POOR,35,20,0,25,0,0,0,0,65,20,30,35
Write a speech for a wedding.,28,POOR,40,25,0,35,0,0,0,20,55,25,35,40
What are the best books?,20,POOR,30,15,0,25,0,0,0,0,70,15,25,30
How to cook dinner?,18,POOR,25,15,0,20,0,0,0,0,75,15,20,25
Help me debug my program that keeps crashing.,26,POOR,35,25,0,30,0,0,0,0,60,25,35,35
Write an email saying I will be late.,30,POOR,45,30,0,40,0,0,0,20,50,30,40,45
Explain physics principles simply.,28,POOR,40,25,0,35,0,0,0,15,55,25,35,40
Give me some interview advice.,25,POOR,35,20,0,30,0,0,0,10,60,20,30,35
Design a logo concept for a startup company.,32,POOR,45,30,0,40,0,0,0,15,50,30,40,45
How does computer vision work?,30,POOR,45,30,0,35,0,0,0,0,50,30,35,40
Write some social media posts for my brand.,28,POOR,40,25,0,35,0,0,0,15,55,25,35,40
Give me 5 random ideas for a video game.,34,POOR,50,35,0,40,5,10,0,0,45,35,45,50
Summarize recent news about tech.,28,POOR,40,25,0,35,0,0,0,0,55,25,35,40
Tell me about renewable energy options.,32,POOR,45,30,0,35,0,0,0,0,50,30,35,45
"I was thinking the other day about how technology is changing everything and I really want you to write something that captures that feeling for people who are interested in the future, but make sure it talks about lots of different industries and maybe some history too, without getting bogged down in specifics or details because I just want a high-level overview that is fun to read and not too formal.",28,POOR,30,20,10,25,5,0,0,10,70,20,25,30
"Can you help me with my business? We sell various items online to different kinds of customers and our sales have been okay but could be much better, so please tell me what strategy we should follow to improve everything across marketing, operations, hiring, and product development immediately.",26,POOR,30,15,15,25,0,0,0,10,75,15,25,25
"Write a comprehensive guide on machine learning, deep learning, artificial intelligence, data science, statistics, mathematics, algorithms, neural networks, computer vision, natural language processing, reinforcement learning, robotics, and cloud computing covering theory and practice.",30,POOR,35,20,5,30,0,0,0,0,70,20,25,35
"Please review all the code that anyone might write in Python and tell me the best practices that apply to every single situation without exception, making sure it covers web dev, data science, scripting, game development, and embedded systems.",27,POOR,30,20,0,25,5,0,0,0,70,20,25,30
"I need some text for my website, maybe a few paragraphs or pages, just write whatever sounds professional and compelling so that whoever visits will want to buy whatever it is we offer once we decide on our product lineup.",22,POOR,25,10,5,20,0,0,0,10,80,10,20,20
"So basically what I want is a story about a hero who goes on a journey and encounters difficulties and overcomes them with friends, but make it unique and exciting and touching and humorous and dramatic all at the same time.",31,POOR,35,25,10,30,0,0,0,10,65,25,30,35
Write an essay explaining why things happen the way they do in global economics and how ordinary people can prepare for economic changes over the next fifty years across all continents.,29,POOR,30,20,5,30,0,0,0,10,70,20,25,30
"Could you give me a list of tips that will make me successful in my career, relationships, health, productivity, finances, and hobbies starting tomorrow morning?",25,POOR,30,15,0,25,0,0,0,0,75,15,25,25
"I have this dataset with numbers and categories and dates, what should I do with it? Can you tell me what insights are hidden inside and write code to extract them all without seeing the data?",24,POOR,25,15,5,25,0,0,0,0,78,15,25,25
Generate a bunch of ideas for products that people might want to buy in the future when technology is much more advanced than it is today.,25,POOR,30,15,0,25,0,0,0,0,75,15,25,25
Can you analyze stocks?,16,POOR,25,15,0,20,0,0,0,0,80,15,20,25
Tell me everything about stocks as quickly as possible.,22,POOR,30,20,0,25,5,0,0,0,70,20,25,30
Can you give advice on wellness?,16,POOR,25,15,0,20,0,0,0,0,80,15,20,25
Tell me everything about wellness as quickly as possible.,22,POOR,30,20,0,25,5,0,0,0,70,20,25,30
Can you write a contract for agreements?,16,POOR,25,15,0,20,0,0,0,0,80,15,20,25
Tell me everything about agreements as quickly as possible.,22,POOR,30,20,0,25,5,0,0,0,70,20,25,30
Can you explain concepts of learning?,16,POOR,25,15,0,20,0,0,0,0,80,15,20,25
Tell me everything about learning as quickly as possible.,22,POOR,30,20,0,25,5,0,0,0,70,20,25,30
Can you create a campaign for sales?,16,POOR,25,15,0,20,0,0,0,0,80,15,20,25
Tell me everything about sales as quickly as possible.,22,POOR,30,20,0,25,5,0,0,0,70,20,25,30
Can you design a system for software?,16,POOR,25,15,0,20,0,0,0,0,80,15,20,25
Tell me everything about software as quickly as possible.,22,POOR,30,20,0,25,5,0,0,0,70,20,25,30
Can you draft an outline for a book?,16,POOR,25,15,0,20,0,0,0,0,80,15,20,25
Tell me everything about a book as quickly as possible.,22,POOR,30,20,0,25,5,0,0,0,70,20,25,30
Can you sketch an interface for a mobile app?,16,POOR,25,15,0,20,0,0,0,0,80,15,20,25
Tell me everything about a mobile app as quickly as possible.,22,POOR,30,20,0,25,5,0,0,0,70,20,25,30
Can you summarize theories of quantum mechanics?,16,POOR,25,15,0,20,0,0,0,0,80,15,20,25
Tell me everything about quantum mechanics as quickly as possible.,22,POOR,30,20,0,25,5,0,0,0,70,20,25,30
Can you make rules for a board game?,16,POOR,25,15,0,20,0,0,0,0,80,15,20,25
Tell me everything about a board game as quickly as possible.,22,POOR,30,20,0,25,5,0,0,0,70,20,25,30
Can you compose lyrics about feelings?,16,POOR,25,15,0,20,0,0,0,0,80,15,20,25
Tell me everything about feelings as quickly as possible.,22,POOR,30,20,0,25,5,0,0,0,70,20,25,30
Can you plan a trip to somewhere nice?,16,POOR,25,15,0,20,0,0,0,0,80,15,20,25
Tell me everything about somewhere nice as quickly as possible.,22,POOR,30,20,0,25,5,0,0,0,70,20,25,30
Can you invent a recipe with ingredients?,16,POOR,25,15,0,20,0,0,0,0,80,15,20,25
Tell me everything about ingredients as quickly as possible.,22,POOR,30,20,0,25,5,0,0,0,70,20,25,30
Can you give tips for managing people?,16,POOR,25,15,0,20,0,0,0,0,80,15,20,25
Tell me everything about managing people as quickly as possible.,22,POOR,30,20,0,25,5,0,0,0,70,20,25,30
Can you explain how to stop hackers?,16,POOR,25,15,0,20,0,0,0,0,80,15,20,25
Tell me everything about hackers as quickly as possible.,22,POOR,30,20,0,25,5,0,0,0,70,20,25,30
Can you optimize conversions for a store?,16,POOR,25,15,0,20,0,0,0,0,80,15,20,25
Tell me everything about a store as quickly as possible.,22,POOR,30,20,0,25,5,0,0,0,70,20,25,30
Can you write a pitch for our service?,16,POOR,25,15,0,20,0,0,0,0,80,15,20,25
Tell me everything about our service as quickly as possible.,22,POOR,30,20,0,25,5,0,0,0,70,20,25,30
Can you describe a house in the modern style?,16,POOR,25,15,0,20,0,0,0,0,80,15,20,25
Tell me everything about the modern style as quickly as possible.,22,POOR,30,20,0,25,5,0,0,0,70,20,25,30
Can you discuss behavior of humans?,16,POOR,25,15,0,20,0,0,0,0,80,15,20,25
Tell me everything about humans as quickly as possible.,22,POOR,30,20,0,25,5,0,0,0,70,20,25,30
Can you build an algorithm for a robot?,16,POOR,25,15,0,20,0,0,0,0,80,15,20,25
Tell me everything about a robot as quickly as possible.,22,POOR,30,20,0,25,5,0,0,0,70,20,25,30
Can you predict prices of tokens?,16,POOR,25,15,0,20,0,0,0,0,80,15,20,25
Tell me everything about tokens as quickly as possible.,22,POOR,30,20,0,25,5,0,0,0,70,20,25,30
Can you design exercises for strength?,16,POOR,25,15,0,20,0,0,0,0,80,15,20,25
Tell me everything about strength as quickly as possible.,22,POOR,30,20,0,25,5,0,0,0,70,20,25,30
Can you explain how to grow plants?,16,POOR,25,15,0,20,0,0,0,0,80,15,20,25
Tell me everything about plants as quickly as possible.,22,POOR,30,20,0,25,5,0,0,0,70,20,25,30
Can you suggest settings for taking photos?,16,POOR,25,15,0,20,0,0,0,0,80,15,20,25
Tell me everything about taking photos as quickly as possible.,22,POOR,30,20,0,25,5,0,0,0,70,20,25,30
Can you tell me facts about space?,16,POOR,25,15,0,20,0,0,0,0,80,15,20,25
Tell me everything about space as quickly as possible.,22,POOR,30,20,0,25,5,0,0,0,70,20,25,30
Write a blog post about machine learning for beginners.,45,FAIR,55,45,10,50,0,10,0,25,40,45,48,55
Explain photosynthesis in simple terms.,44,FAIR,55,45,5,50,0,0,0,20,40,45,45,55
Write a Python function to sort a list of numbers.,48,FAIR,60,50,0,50,0,15,0,0,35,50,52,60
Summarize the causes of World War I in 3 paragraphs.,52,FAIR,62,55,10,55,15,20,0,0,30,52,54,62
"Translate this English paragraph to Spanish: 'Hello, I hope you are having a wonderful day.'",55,FAIR,65,60,10,60,10,15,0,0,25,58,60,65
Create a 3-day workout split for upper and lower body strength.,53,FAIR,62,55,10,55,10,15,0,15,30,52,55,62
Write a professional email declining an invitation to speak at a conference.,50,FAIR,60,50,10,52,10,10,0,20,35,50,52,60
Explain how neural networks learn using the backpropagation algorithm.,54,FAIR,62,55,10,55,0,0,0,10,30,55,54,62
Write a SQL query to find the top 5 customers by total order amount from an orders table.,58,FAIR,68,60,10,60,10,20,0,0,25,60,62,68
Draft a product description for an ergonomic mechanical keyboard highlighting wrist comfort.,52,FAIR,62,55,10,55,10,10,0,25,30,52,55,62
Write a short story about an astronaut stranded on Mars who finds an unexpected signal.,51,FAIR,60,55,10,55,0,10,0,15,32,50,52,60
Compare Docker containers with virtual machines in terms of resource utilization and startup speed.,56,FAIR,65,60,10,60,10,15,0,10,25,58,58,65
Give me 5 creative marketing slogans for a zero-waste grocery delivery service.,55,FAIR,65,58,10,58,10,20,0,20,25,56,58,65
Write a Python script using requests to fetch and print the title of a webpage.,53,FAIR,62,55,10,55,5,20,0,0,30,54,55,62
Explain the concept of compound interest to a high school student with a numerical example.,57,FAIR,68,60,10,60,10,10,0,30,22,60,60,68
Draft an apology letter to a client whose shipment was delayed by three days.,50,FAIR,60,50,15,52,10,10,0,20,35,50,52,60
Write a regex to match valid US phone numbers in formats like (123) 456-7890 or 123-456-7890.,58,FAIR,68,62,10,62,10,25,0,0,22,60,62,68
Summarize the main differences between relational and non-relational databases.,51,FAIR,60,52,10,55,5,10,0,10,32,52,52,60
Write a job description for a junior frontend developer using React and TypeScript.,54,FAIR,62,55,10,58,10,15,0,20,28,55,56,62
Suggest 4 icebreaker questions for an engineering team retrospective meeting.,52,FAIR,62,55,10,55,10,15,0,20,28,52,55,62
Explain how public-key cryptography enables secure communication across the internet.,54,FAIR,62,55,10,56,5,10,0,10,30,55,55,62
Write a poem with an AABB rhyme scheme about the changing of seasons in autumn.,52,FAIR,62,55,5,55,15,15,0,10,28,52,54,62
Create a checklist for deploying a web application to production safely.,53,FAIR,62,55,10,55,10,20,0,15,28,54,55,62
Write a script to convert a CSV file to JSON format in Python.,54,FAIR,65,58,5,58,5,25,0,0,25,56,58,65
Describe the key steps in the scientific method with an example experiment.,53,FAIR,62,55,10,55,5,10,0,15,30,54,55,62
Write a follow-up email after a job interview thanking the hiring manager for their time.,52,FAIR,62,52,15,55,10,10,0,20,30,52,54,62
Explain the difference between variance and standard deviation in statistics.,55,FAIR,65,58,10,58,5,10,0,15,25,56,58,65
Write a bash command to find all files larger than 100MB in the home directory.,58,FAIR,68,62,10,62,10,25,0,0,20,60,62,68
Give me 3 pros and 3 cons of working remotely from an employee perspective.,56,FAIR,65,60,10,60,15,20,0,15,22,58,58,65
Draft a short meeting agenda for a quarterly project review with stakeholders.,50,FAIR,60,52,10,52,10,15,0,15,32,50,52,60
Provide a clear function to calculate factorial recursively in Python.,48,FAIR,60,50,5,50,5,10,0,0,35,48,50,60
Explain function to calculate factorial recursively related to Python in 200 words.,52,FAIR,62,55,10,55,15,15,0,0,28,52,55,62
Provide a clear snippet to debounce a button click handler in JavaScript.,48,FAIR,60,50,5,50,5,10,0,0,35,48,50,60
Explain snippet to debounce a button click handler related to JavaScript in 200 words.,52,FAIR,62,55,10,55,15,15,0,0,28,52,55,62
Provide a clear query to calculate average monthly salary by department in SQL.,48,FAIR,60,50,5,50,5,10,0,0,35,48,50,60
Explain query to calculate average monthly salary by department related to SQL in 200 words.,52,FAIR,62,55,10,55,15,15,0,0,28,52,55,62
Provide a clear card layout with responsive flexbox properties in HTML/CSS.,48,FAIR,60,50,5,50,5,10,0,0,35,48,50,60
Explain card layout with responsive flexbox properties related to HTML/CSS in 200 words.,52,FAIR,62,55,10,55,15,15,0,0,28,52,55,62
Provide a clear explanation of how git rebase differs from git merge in Git.,48,FAIR,60,50,5,50,5,10,0,0,35,48,50,60
Explain explanation of how git rebase differs from git merge related to Git in 200 words.,52,FAIR,62,55,10,55,15,15,0,0,28,52,55,62
Provide a clear basic Dockerfile for a Node.js web server in DevOps.,48,FAIR,60,50,5,50,5,10,0,0,35,48,50,60
Explain basic Dockerfile for a Node.js web server related to DevOps in 200 words.,52,FAIR,62,55,10,55,15,15,0,0,28,52,55,62
Provide a clear summary of standard metrics for binary classification in Data Science.,48,FAIR,60,50,5,50,5,10,0,0,35,48,50,60
Explain summary of standard metrics for binary classification related to Data Science in 200 words.,52,FAIR,62,55,10,55,15,15,0,0,28,52,55,62
Provide a clear list of 5 on-page optimization factors to review in SEO.,48,FAIR,60,50,5,50,5,10,0,0,35,48,50,60
Explain list of 5 on-page optimization factors to review related to SEO in 200 words.,52,FAIR,62,55,10,55,15,15,0,0,28,52,55,62
Provide a clear guide to setting up multi-factor authentication in Cybersecurity.,48,FAIR,60,50,5,50,5,10,0,0,35,48,50,60
Explain guide to setting up multi-factor authentication related to Cybersecurity in 200 words.,52,FAIR,62,55,10,55,15,15,0,0,28,52,55,62
Provide a clear overview of AWS S3 storage classes and pricing tiers in Cloud.,48,FAIR,60,50,5,50,5,10,0,0,35,48,50,60
Explain overview of AWS S3 storage classes and pricing tiers related to Cloud in 200 words.,52,FAIR,62,55,10,55,15,15,0,0,28,52,55,62
Provide a clear framework for giving constructive feedback to peers in Management.,48,FAIR,60,50,5,50,5,10,0,0,35,48,50,60
Explain framework for giving constructive feedback to peers related to Management in 200 words.,52,FAIR,62,55,10,55,15,15,0,0,28,52,55,62
Provide a clear introductory paragraph for an essay on climate adaptation in Writing.,48,FAIR,60,50,5,50,5,10,0,0,35,48,50,60
Explain introductory paragraph for an essay on climate adaptation related to Writing in 200 words.,52,FAIR,62,55,10,55,15,15,0,0,28,52,55,62
Provide a clear template for a promotional tweet announcing a feature release in Marketing.,48,FAIR,60,50,5,50,5,10,0,0,35,48,50,60
Explain template for a promotional tweet announcing a feature release related to Marketing in 200 words.,52,FAIR,62,55,10,55,15,15,0,0,28,52,55,62
Provide a clear explanation of the difference between stocks and bonds in Finance.,48,FAIR,60,50,5,50,5,10,0,0,35,48,50,60
Explain explanation of the difference between stocks and bonds related to Finance in 200 words.,52,FAIR,62,55,10,55,15,15,0,0,28,52,55,62
Provide a clear breakdown of how supply and demand determine market price in Economics.,48,FAIR,60,50,5,50,5,10,0,0,35,48,50,60
Explain breakdown of how supply and demand determine market price related to Economics in 200 words.,52,FAIR,62,55,10,55,15,15,0,0,28,52,55,62
Provide a clear summary of cellular respiration stages in animal cells in Biology.,48,FAIR,60,50,5,50,5,10,0,0,35,48,50,60
Explain summary of cellular respiration stages in animal cells related to Biology in 200 words.,52,FAIR,62,55,10,55,15,15,0,0,28,52,55,62
Provide a clear table of alkali metals with their atomic numbers and symbols in Chemistry.,48,FAIR,60,50,5,50,5,10,0,0,35,48,50,60
Explain table of alkali metals with their atomic numbers and symbols related to Chemistry in 200 words.,52,FAIR,62,55,10,55,15,15,0,0,28,52,55,62
Provide a clear explanation of Newton's three laws of motion with examples in Physics.,48,FAIR,60,50,5,50,5,10,0,0,35,48,50,60
Explain explanation of Newton's three laws of motion with examples related to Physics in 200 words.,52,FAIR,62,55,10,55,15,15,0,0,28,52,55,62
Provide a clear timeline of major events in the American Civil Rights Movement in History.,48,FAIR,60,50,5,50,5,10,0,0,35,48,50,60
Explain timeline of major events in the American Civil Rights Movement related to History in 200 words.,52,FAIR,62,55,10,55,15,15,0,0,28,52,55,62
Provide a clear overview of Maslow's hierarchy of needs with examples in Psychology.,48,FAIR,60,50,5,50,5,10,0,0,35,48,50,60
Explain overview of Maslow's hierarchy of needs with examples related to Psychology in 200 words.,52,FAIR,62,55,10,55,15,15,0,0,28,52,55,62
Provide a clear definition of social stratification with modern examples in Sociology.,48,FAIR,60,50,5,50,5,10,0,0,35,48,50,60
Explain definition of social stratification with modern examples related to Sociology in 200 words.,52,FAIR,62,55,10,55,15,15,0,0,28,52,55,62
Provide a clear lesson plan outline for introducing fractions to 4th graders in Education.,48,FAIR,60,50,5,50,5,10,0,0,35,48,50,60
Explain lesson plan outline for introducing fractions to 4th graders related to Education in 200 words.,52,FAIR,62,55,10,55,15,15,0,0,28,52,55,62
Provide a clear guidelines for maintaining proper posture when working at a desk in Health.,48,FAIR,60,50,5,50,5,10,0,0,35,48,50,60
Explain guidelines for maintaining proper posture when working at a desk related to Health in 200 words.,52,FAIR,62,55,10,55,15,15,0,0,28,52,55,62
Provide a clear sample one-day meal plan focusing on high-protein vegetarian foods in Nutrition.,48,FAIR,60,50,5,50,5,10,0,0,35,48,50,60
Explain sample one-day meal plan focusing on high-protein vegetarian foods related to Nutrition in 200 words.,52,FAIR,62,55,10,55,15,15,0,0,28,52,55,62
Provide a clear 3-day weekend itinerary for exploring Kyoto on a budget in Travel.,48,FAIR,60,50,5,50,5,10,0,0,35,48,50,60
Explain 3-day weekend itinerary for exploring Kyoto on a budget related to Travel in 200 words.,52,FAIR,62,55,10,55,15,15,0,0,28,52,55,62
Provide a clear brief explanation of impressionism and its key visual traits in Art.,48,FAIR,60,50,5,50,5,10,0,0,35,48,50,60
Explain brief explanation of impressionism and its key visual traits related to Art in 200 words.,52,FAIR,62,55,10,55,15,15,0,0,28,52,55,62
Provide a clear character analysis of Hamlet focusing on his indecision in Literature.,48,FAIR,60,50,5,50,5,10,0,0,35,48,50,60
Explain character analysis of Hamlet focusing on his indecision related to Literature in 200 words.,52,FAIR,62,55,10,55,15,15,0,0,28,52,55,62
Provide a clear introduction to the trolley problem and ethical utilitarianism in Philosophy.,48,FAIR,60,50,5,50,5,10,0,0,35,48,50,60
Explain introduction to the trolley problem and ethical utilitarianism related to Philosophy in 200 words.,52,FAIR,62,55,10,55,15,15,0,0,28,52,55,62
Provide a clear explanation of major versus minor scales for beginning musicians in Music.,48,FAIR,60,50,5,50,5,10,0,0,35,48,50,60
Explain explanation of major versus minor scales for beginning musicians related to Music in 200 words.,52,FAIR,62,55,10,55,15,15,0,0,28,52,55,62
Provide a clear breakdown of the three-act story structure in screenwriting in Film.,48,FAIR,60,50,5,50,5,10,0,0,35,48,50,60
Explain breakdown of the three-act story structure in screenwriting related to Film in 200 words.,52,FAIR,62,55,10,55,15,15,0,0,28,52,55,62
Calculate the roots of the quadratic equation 2x^2 + 5x - 3 = 0.,56,FAIR,68,62,5,62,10,20,0,0,20,58,62,68
List 5 common HTTP status codes and their definitions.,55,FAIR,65,60,5,60,10,20,0,0,20,56,60,65
What is the time complexity of quicksort in the worst case and why?,55,FAIR,65,60,5,60,10,15,0,0,20,56,60,65
Write a prompt for Midjourney to generate a watercolor painting of a red fox.,52,FAIR,62,55,5,55,10,15,0,0,28,52,55,62
Convert 150 Fahrenheit to Celsius with the conversion formula shown.,57,FAIR,68,65,5,65,10,25,0,0,15,60,65,68
"Write a Python function to check whether a string is a valid palindrome, ignoring spaces, punctuation, and letter casing. Include two test examples.",68,GOOD,78,72,15,72,15,25,0,0,15,70,72,78
Explain how DNS resolution works step-by-step from browser URL entry to IP connection. Format as a numbered list suitable for a junior sysadmin.,70,GOOD,80,75,15,75,15,25,0,20,12,72,74,80
"Summarize the attached quarterly earnings highlights into 4 bullet points focusing on revenue growth, customer churn, operating margin, and Q3 guidance.",72,GOOD,80,76,20,76,20,25,0,15,12,74,75,80
Write a cold outreach email to prospective B2B clients introducing our automated invoice auditing tool. Keep it under 150 words with a single call to action.,69,GOOD,78,72,15,72,20,20,0,25,15,70,72,78
"Create a SQL schema for an e-commerce platform with users, orders, order_items, and products tables. Include foreign keys and appropriate data types.",73,GOOD,82,78,15,78,20,25,0,0,10,75,76,82
"Explain the differences between L1 and L2 regularization in linear regression, including their loss formulas and how each handles feature selection.",71,GOOD,80,75,15,75,15,15,0,15,12,72,74,80
"Draft a 500-word blog post explaining why web accessibility matters for SEO. Include headings, bullet points, and practical tips for developers.",68,GOOD,78,70,15,72,20,25,0,20,15,70,70,78
"Write a Python script using pandas to load a CSV, drop rows with missing values in column 'price', and calculate the 90th percentile of 'revenue'.",72,GOOD,82,76,15,76,20,25,0,0,12,74,75,82
Translate this technical abstract to German while maintaining formal terminology and markdown formatting. Note any untranslatable software terms.,69,GOOD,78,72,15,72,15,20,0,10,15,70,72,78
"Compare PostgreSQL and MongoDB for a real-time messaging application across data consistency, schema flexibility, and query performance. Use a markdown comparison table.",74,GOOD,82,78,20,78,20,30,0,15,10,75,76,82
"Write a comprehensive Dockerfile for a FastAPI application running with Uvicorn on Python 3.11, using a non-root user and multi-stage build.",73,GOOD,82,78,15,78,20,25,0,0,10,75,76,82
Draft a polite but firm message to a freelancer notifying them that their submitted deliverable did not meet specification and outlining needed revisions.,67,GOOD,76,70,15,70,15,15,0,20,18,68,70,76
"Explain the mechanism of CRISPR-Cas9 gene editing to an undergraduate biology student, detailing guide RNA targeting and DNA double-strand break repair.",72,GOOD,80,76,15,76,15,15,0,25,12,74,75,80
Write 3 varied LinkedIn headline options for a Senior Data Engineer with 8 years of experience in distributed streaming pipelines and cloud data warehousing.,68,GOOD,78,72,15,72,20,25,0,20,15,70,72,78
Create a bash script that creates a daily timestamped compressed tar backup of /var/log into /backups/ and deletes archives older than 14 days.,74,GOOD,82,78,20,78,20,25,0,0,10,76,76,82
Explain the CAP theorem with concrete examples of system choices (e.g. Cassandra vs. Spanner) when network partitions occur.,70,GOOD,80,75,15,75,15,15,0,15,12,72,74,80
"Write an image generation prompt for a macro photo of an iridescent dragonfly resting on a dewy lotus flower, soft morning light, 100mm f/2.8 lens style.",71,GOOD,80,75,20,75,20,20,0,0,12,72,74,80
"Design an interview rubric for evaluating mid-level backend candidates on system design, coding quality, and communication, scored 1-4 with criteria.",73,GOOD,82,78,20,78,20,25,0,20,10,75,76,82
"Write a Python unit test using pytest to test a bank account transfer function for insufficient funds, negative transfers, and successful transactions.",74,GOOD,82,78,20,78,20,25,0,0,10,76,76,82
"Draft a press release announcing our company's Series A funding round of $12M led by Peak Ventures, highlighting product expansion and team hiring.",71,GOOD,80,74,20,75,20,20,0,20,12,72,74,80
"Write a Python class implementing a priority queue using the heapq module, with push, pop, and peek methods.",72,GOOD,80,76,15,76,15,25,0,0,12,74,75,80
Explain the difference between optimistic and pessimistic locking in relational databases with a banking scenario.,71,GOOD,80,75,15,75,15,15,0,15,12,72,74,80
"Create a 4-step onboarding checklist for remote team members covering hardware, credentials, communication norms, and initial tasks.",69,GOOD,78,72,15,72,15,25,0,20,15,70,72,78
"Draft a concise privacy policy section explaining cookies, analytics tracking, and user consent mechanisms under GDPR.",70,GOOD,80,74,20,75,20,20,0,15,12,72,74,80
"Write a TypeScript interface definition for a user profile object including optional avatar URL, roles enum, and created timestamp.",72,GOOD,82,78,15,78,20,25,0,0,10,74,75,82
Explain how backpressure works in reactive stream processing and why unbounded buffers cause memory exhaustion.,71,GOOD,80,75,15,75,15,15,0,10,12,72,74,80
Write an email newsletter segment highlighting 3 AI tools for productivity with a 2-sentence description and primary benefit for each.,68,GOOD,78,72,15,72,20,25,0,20,15,70,72,78
Create an analytical breakdown of customer acquisition cost (CAC) vs. customer lifetime value (LTV) for a subscription SaaS startup.,73,GOOD,82,78,20,78,20,20,0,15,10,75,76,82
"Write a Python function to validate whether a string contains balanced brackets: '()', '[]', '{}' using a stack.",74,GOOD,82,78,15,78,20,25,0,0,10,76,76,82
"Explain the concept of semantic versioning (SemVer) with examples of patch, minor, and major release triggers.",70,GOOD,80,75,15,75,15,20,0,15,12,72,74,80
Draft a 2-minute elevator pitch for a clean-tech startup recycling lithium-ion electric vehicle batteries.,67,GOOD,76,70,15,70,20,20,0,20,18,68,70,76
"Write a SQL query using window functions to rank employees by salary within each department, displaying ties appropriately.",74,GOOD,82,78,20,78,20,25,0,0,10,76,76,82
Explain the difference between process and thread concurrency in operating systems with memory sharing implications.,71,GOOD,80,75,15,75,15,15,0,10,12,72,74,80
Create a user story for adding two-factor authentication to an existing login page following the standard agile template.,70,GOOD,80,75,15,75,20,25,0,20,12,72,74,80
Write a Python generator function to stream prime numbers up to n using the Sieve of Eratosthenes.,73,GOOD,82,78,15,78,20,25,0,0,10,75,76,82
Summarize key takeaways from the Agile Manifesto and contrast them with traditional waterfall development in a table.,71,GOOD,80,75,15,75,20,25,0,15,12,72,74,80
Write a prompt for generating an editorial book cover illustration for a mystery novel set in Victorian London during a fog.,69,GOOD,78,72,20,72,15,20,0,0,15,70,72,78
Explain the difference between cross-validation and a simple train-test split for small tabular datasets.,70,GOOD,80,75,15,75,15,15,0,15,12,72,74,80
"Draft a bug report template for QA engineers with fields for steps to reproduce, expected vs. actual behavior, and environment.",72,GOOD,82,76,20,76,20,25,0,20,10,74,75,82
Write a Python script that reads an environment variable with a fallback default and logs a warning if the default was used.,71,GOOD,80,75,15,75,15,25,0,0,12,72,74,80
"Write a Python script for task #1: clean data, remove nulls, compute group statistics, and output a CSV summary.",66,GOOD,75,70,15,72,15,20,0,0,18,68,70,75
"Write a Python script for task #2: clean data, remove nulls, compute group statistics, and output a CSV summary.",66,GOOD,75,70,15,72,15,20,0,0,18,68,70,75
"Write a Python script for task #3: clean data, remove nulls, compute group statistics, and output a CSV summary.",66,GOOD,75,70,15,72,15,20,0,0,18,68,70,75
"Write a Python script for task #4: clean data, remove nulls, compute group statistics, and output a CSV summary.",66,GOOD,75,70,15,72,15,20,0,0,18,68,70,75
"Write a Python script for task #5: clean data, remove nulls, compute group statistics, and output a CSV summary.",66,GOOD,75,70,15,72,15,20,0,0,18,68,70,75
"Write a Python script for task #6: clean data, remove nulls, compute group statistics, and output a CSV summary.",66,GOOD,75,70,15,72,15,20,0,0,18,68,70,75
"Write a Python script for task #7: clean data, remove nulls, compute group statistics, and output a CSV summary.",66,GOOD,75,70,15,72,15,20,0,0,18,68,70,75
"Write a Python script for task #8: clean data, remove nulls, compute group statistics, and output a CSV summary.",66,GOOD,75,70,15,72,15,20,0,0,18,68,70,75
"Write a Python script for task #9: clean data, remove nulls, compute group statistics, and output a CSV summary.",66,GOOD,75,70,15,72,15,20,0,0,18,68,70,75
"Write a Python script for task #10: clean data, remove nulls, compute group statistics, and output a CSV summary.",66,GOOD,75,70,15,72,15,20,0,0,18,68,70,75
"Write a Python script for task #11: clean data, remove nulls, compute group statistics, and output a CSV summary.",66,GOOD,75,70,15,72,15,20,0,0,18,68,70,75
"Write a Python script for task #12: clean data, remove nulls, compute group statistics, and output a CSV summary.",66,GOOD,75,70,15,72,15,20,0,0,18,68,70,75
"Write a Python script for task #13: clean data, remove nulls, compute group statistics, and output a CSV summary.",66,GOOD,75,70,15,72,15,20,0,0,18,68,70,75
"Write a Python script for task #14: clean data, remove nulls, compute group statistics, and output a CSV summary.",66,GOOD,75,70,15,72,15,20,0,0,18,68,70,75
"Write a Python script for task #15: clean data, remove nulls, compute group statistics, and output a CSV summary.",66,GOOD,75,70,15,72,15,20,0,0,18,68,70,75
"Write a Python script for task #16: clean data, remove nulls, compute group statistics, and output a CSV summary.",66,GOOD,75,70,15,72,15,20,0,0,18,68,70,75
"Write a Python script for task #17: clean data, remove nulls, compute group statistics, and output a CSV summary.",66,GOOD,75,70,15,72,15,20,0,0,18,68,70,75
"Write a Python script for task #18: clean data, remove nulls, compute group statistics, and output a CSV summary.",66,GOOD,75,70,15,72,15,20,0,0,18,68,70,75
"Write a Python script for task #19: clean data, remove nulls, compute group statistics, and output a CSV summary.",66,GOOD,75,70,15,72,15,20,0,0,18,68,70,75
"Write a Python script for task #20: clean data, remove nulls, compute group statistics, and output a CSV summary.",66,GOOD,75,70,15,72,15,20,0,0,18,68,70,75
"Write a Python script for task #21: clean data, remove nulls, compute group statistics, and output a CSV summary.",66,GOOD,75,70,15,72,15,20,0,0,18,68,70,75
"Write a Python script for task #22: clean data, remove nulls, compute group statistics, and output a CSV summary.",66,GOOD,75,70,15,72,15,20,0,0,18,68,70,75
"Write a Python script for task #23: clean data, remove nulls, compute group statistics, and output a CSV summary.",66,GOOD,75,70,15,72,15,20,0,0,18,68,70,75
"Write a Python script for task #24: clean data, remove nulls, compute group statistics, and output a CSV summary.",66,GOOD,75,70,15,72,15,20,0,0,18,68,70,75
"Write a Python script for task #25: clean data, remove nulls, compute group statistics, and output a CSV summary.",66,GOOD,75,70,15,72,15,20,0,0,18,68,70,75
Explain key architectural design trade-offs between monolithic and microservice approaches for scenario #1 in 300 words.,67,GOOD,76,70,15,72,20,20,0,15,18,68,70,76
Explain key architectural design trade-offs between monolithic and microservice approaches for scenario #2 in 300 words.,67,GOOD,76,70,15,72,20,20,0,15,18,68,70,76
Explain key architectural design trade-offs between monolithic and microservice approaches for scenario #3 in 300 words.,67,GOOD,76,70,15,72,20,20,0,15,18,68,70,76
Explain key architectural design trade-offs between monolithic and microservice approaches for scenario #4 in 300 words.,67,GOOD,76,70,15,72,20,20,0,15,18,68,70,76
Explain key architectural design trade-offs between monolithic and microservice approaches for scenario #5 in 300 words.,67,GOOD,76,70,15,72,20,20,0,15,18,68,70,76
Explain key architectural design trade-offs between monolithic and microservice approaches for scenario #6 in 300 words.,67,GOOD,76,70,15,72,20,20,0,15,18,68,70,76
Explain key architectural design trade-offs between monolithic and microservice approaches for scenario #7 in 300 words.,67,GOOD,76,70,15,72,20,20,0,15,18,68,70,76
Explain key architectural design trade-offs between monolithic and microservice approaches for scenario #8 in 300 words.,67,GOOD,76,70,15,72,20,20,0,15,18,68,70,76
Explain key architectural design trade-offs between monolithic and microservice approaches for scenario #9 in 300 words.,67,GOOD,76,70,15,72,20,20,0,15,18,68,70,76
Explain key architectural design trade-offs between monolithic and microservice approaches for scenario #10 in 300 words.,67,GOOD,76,70,15,72,20,20,0,15,18,68,70,76
Explain key architectural design trade-offs between monolithic and microservice approaches for scenario #11 in 300 words.,67,GOOD,76,70,15,72,20,20,0,15,18,68,70,76
Explain key architectural design trade-offs between monolithic and microservice approaches for scenario #12 in 300 words.,67,GOOD,76,70,15,72,20,20,0,15,18,68,70,76
Explain key architectural design trade-offs between monolithic and microservice approaches for scenario #13 in 300 words.,67,GOOD,76,70,15,72,20,20,0,15,18,68,70,76
Explain key architectural design trade-offs between monolithic and microservice approaches for scenario #14 in 300 words.,67,GOOD,76,70,15,72,20,20,0,15,18,68,70,76
Explain key architectural design trade-offs between monolithic and microservice approaches for scenario #15 in 300 words.,67,GOOD,76,70,15,72,20,20,0,15,18,68,70,76
Explain key architectural design trade-offs between monolithic and microservice approaches for scenario #16 in 300 words.,67,GOOD,76,70,15,72,20,20,0,15,18,68,70,76
Explain key architectural design trade-offs between monolithic and microservice approaches for scenario #17 in 300 words.,67,GOOD,76,70,15,72,20,20,0,15,18,68,70,76
Explain key architectural design trade-offs between monolithic and microservice approaches for scenario #18 in 300 words.,67,GOOD,76,70,15,72,20,20,0,15,18,68,70,76
Explain key architectural design trade-offs between monolithic and microservice approaches for scenario #19 in 300 words.,67,GOOD,76,70,15,72,20,20,0,15,18,68,70,76
Explain key architectural design trade-offs between monolithic and microservice approaches for scenario #20 in 300 words.,67,GOOD,76,70,15,72,20,20,0,15,18,68,70,76
"You are a senior DevOps engineer. Write a production-ready GitHub Actions workflow file that builds a Python package, runs pytest with code coverage, and publishes to PyPI only when a new release tag is pushed. Use environment secrets for credentials and cache pip dependencies.",82,STRONG,88,85,25,85,25,30,20,0,5,82,84,88
"Act as a clinical data scientist. Compare logistic regression, random forest, and gradient boosting on a medical dataset of 10,000 patients for disease risk prediction. Address class imbalance, interpretability requirements, calibration, and sensitivity versus specificity trade-offs. Conclude with a justified model choice.",85,STRONG,90,88,30,88,25,25,25,20,5,85,86,90
"You are a lead database architect. Design a high-availability PostgreSQL schema for a multi-tenant SaaS application supporting 50,000 organizations. Detail tenant isolation strategies (schema-per-tenant vs. row-level security), foreign key enforcement, indexing for audit trails, and backup procedures. Present your recommendation with pros and cons.",86,STRONG,90,88,30,88,25,30,25,15,5,86,88,90
"Act as a seasoned software engineer. Write an idiomatic, thread-safe LRU cache class in Python using a doubly linked list and a hash map. Support get(key), put(key, value), and a capacity limit. Include type hints, comprehensive docstrings, and a unit test demonstrating eviction behavior under concurrency.",88,STRONG,92,90,25,90,30,30,20,0,3,88,90,92
"You are a technical writer at Stripe. Draft an API integration tutorial for processing webhook signatures in Python FastAPI. Requirements: explain why signature verification is needed, show complete code using hmac and hashlib, handle timing attacks with secrets.compare_digest, and document 3 common error cases with solutions.",87,STRONG,90,88,30,88,25,30,25,20,4,86,88,90
"Act as a chief marketing officer. Create a 90-day go-to-market plan for an enterprise AI code review tool targeting engineering organizations with 100+ developers. Detail positioning, ICP personas, 3 distribution channels with budgets, KPI milestones for each 30-day block, and competitive counter-messaging against GitHub Copilot.",84,STRONG,88,85,30,85,25,25,25,25,5,84,85,88
"You are an expert NLP researcher. Write a detailed comparative evaluation between dense embedding retrieval and BM25 sparse lexical search in retrieval-augmented generation (RAG) pipelines. Analyze failure modes for domain-specific terminology, out-of-vocabulary queries, hybrid reciprocal rank fusion, and computational cost.",86,STRONG,90,88,30,88,25,25,20,15,4,86,88,90
"Act as a senior cybersecurity analyst. Perform a threat model analysis on an OAuth 2.0 Authorization Code Grant flow with PKCE implemented for a mobile banking application. Identify 4 distinct attack vectors (e.g. authorization code interception, redirect URI manipulation), their likelihood and impact, and exact technical remediations.",87,STRONG,92,88,30,88,28,30,25,15,4,86,88,92
"You are a principal frontend engineer. Design the state management architecture for a collaborative real-time whiteboard app in React and TypeScript. Compare Zustand, Redux Toolkit, and Yjs for multiplayer conflict resolution. Detail offline syncing, undo/redo history, and render performance optimizations for 5,000 canvas elements.",85,STRONG,90,88,30,88,25,25,25,15,5,85,86,90
"Act as a product manager at an e-commerce platform. Write a complete Product Requirement Document (PRD) for a 1-click checkout feature. Include problem statement, target metrics (conversion lift target of 8%), 4 detailed user stories with acceptance criteria, fraud risk constraints, edge cases, and a phased rollout schedule.",86,STRONG,90,88,30,88,25,30,25,20,4,86,88,90
"You are an experienced Rust developer. Implement an asynchronous HTTP client wrapper using reqwest and tokio that automatically retries 5xx server errors with exponential backoff and jitter. Include custom error types, maximum retry caps, and a mock test.",85,STRONG,90,88,25,88,28,30,20,0,4,85,88,90
"Act as a senior quantitative analyst. Formulate a pairs trading strategy between two cointegrated energy stocks. Detail the Augmented Dickey-Fuller test procedure, hedge ratio calculation via Kalman filter, z-score entry/exit thresholds, and stop-loss rules. Provide Python code using statsmodels.",88,STRONG,92,90,30,90,28,30,25,10,3,88,90,92
"You are an executive speechwriter. Write an 800-word keynote speech for a healthcare CEO announcing a major commitment to carbon neutrality across 20 hospitals by 2030. Tone: inspiring yet grounded in operational reality. Include rhetorical devices, pauses marked in brackets, and a clear call to action.",83,STRONG,88,85,30,85,25,25,25,25,5,84,85,88
"Act as an AWS solutions architect. Design a disaster recovery architecture with RPO < 5 minutes and RTO < 15 minutes for a tier-1 banking API hosted in us-east-1 with failover to us-west-2. Detail Route 53 DNS routing, Aurora global database replication, and automated failover runbook steps.",87,STRONG,92,90,30,90,28,30,25,15,3,86,88,92
"You are a machine learning systems engineer. Write a comprehensive guide to deploying PyTorch models using TensorRT and Triton Inference Server. Cover FP16 quantization, dynamic batching configuration, GPU memory allocation, and benchmarking throughput (requests/sec) vs. p99 latency.",86,STRONG,90,88,30,88,25,30,25,15,4,86,88,90
"Act as a legal counsel specializing in intellectual property. Draft a mutual non-disclosure agreement (NDA) for two technology startups exploring an acquisition. Include standard clauses for definition of confidential information, carve-outs, term duration (2 years), non-solicitation, and governing law.",85,STRONG,90,88,30,88,28,30,25,20,4,85,86,90
"You are an expert image prompt engineer. Write 3 detailed prompts for generating high-fashion editorial portraits inspired by Renaissance chiaroscuro lighting. Specify camera focal length, studio lighting setup, costume textures, color grading, and negative prompts to avoid digital artifacts.",84,STRONG,88,85,30,85,25,30,25,0,5,84,85,88
"Act as a staff systems architect. Write an Architecture Decision Record (ADR) on adopting Kafka versus RabbitMQ for asynchronous event notifications across 25 microservices. Include context, decision drivers, evaluated trade-offs (ordering guarantees, replayability, operational complexity), and migration steps.",86,STRONG,90,88,30,88,25,30,25,15,4,86,88,90
"You are a lead data engineer. Create a PySpark ETL script that ingests 50GB of daily clickstream logs from S3, partitions by date and country, deduplicates on user_id and session_id, filters bot traffic, and writes to an optimized Delta Lake table with Z-ordering on user_id.",88,STRONG,92,90,30,90,28,30,25,0,3,88,90,92
"Act as an Agile transformation coach. Create an incident postmortem template and facilitator guide for software engineering teams. Include blameless culture guidelines, timeline reconstruction methods, 5-whys root cause analysis, action item assignment rules, and executive reporting formats.",84,STRONG,88,85,30,85,25,30,25,20,5,84,85,88
"You are a principal engineer in domain #1. Provide a detailed architectural design and implementation strategy in Python. Include data models, error handling, performance benchmarks, security constraints, and complete unit tests.",81,STRONG,88,85,25,85,25,28,20,15,5,84,85,88
"You are a principal engineer in domain #2. Provide a detailed architectural design and implementation strategy in Python. Include data models, error handling, performance benchmarks, security constraints, and complete unit tests.",82,STRONG,88,85,25,85,25,28,20,15,5,84,85,88
"You are a principal engineer in domain #3. Provide a detailed architectural design and implementation strategy in Python. Include data models, error handling, performance benchmarks, security constraints, and complete unit tests.",83,STRONG,88,85,25,85,25,28,20,15,5,84,85,88
"You are a principal engineer in domain #4. Provide a detailed architectural design and implementation strategy in Python. Include data models, error handling, performance benchmarks, security constraints, and complete unit tests.",84,STRONG,88,85,25,85,25,28,20,15,5,84,85,88
"You are a principal engineer in domain #5. Provide a detailed architectural design and implementation strategy in Python. Include data models, error handling, performance benchmarks, security constraints, and complete unit tests.",85,STRONG,88,85,25,85,25,28,20,15,5,84,85,88
"You are a principal engineer in domain #6. Provide a detailed architectural design and implementation strategy in Python. Include data models, error handling, performance benchmarks, security constraints, and complete unit tests.",86,STRONG,88,85,25,85,25,28,20,15,5,84,85,88
"You are a principal engineer in domain #7. Provide a detailed architectural design and implementation strategy in Python. Include data models, error handling, performance benchmarks, security constraints, and complete unit tests.",87,STRONG,88,85,25,85,25,28,20,15,5,84,85,88
"You are a principal engineer in domain #8. Provide a detailed architectural design and implementation strategy in Python. Include data models, error handling, performance benchmarks, security constraints, and complete unit tests.",88,STRONG,88,85,25,85,25,28,20,15,5,84,85,88
"You are a principal engineer in domain #9. Provide a detailed architectural design and implementation strategy in Python. Include data models, error handling, performance benchmarks, security constraints, and complete unit tests.",81,STRONG,88,85,25,85,25,28,20,15,5,84,85,88
"You are a principal engineer in domain #10. Provide a detailed architectural design and implementation strategy in Python. Include data models, error handling, performance benchmarks, security constraints, and complete unit tests.",82,STRONG,88,85,25,85,25,28,20,15,5,84,85,88
"You are a principal engineer in domain #11. Provide a detailed architectural design and implementation strategy in Python. Include data models, error handling, performance benchmarks, security constraints, and complete unit tests.",83,STRONG,88,85,25,85,25,28,20,15,5,84,85,88
"You are a principal engineer in domain #12. Provide a detailed architectural design and implementation strategy in Python. Include data models, error handling, performance benchmarks, security constraints, and complete unit tests.",84,STRONG,88,85,25,85,25,28,20,15,5,84,85,88
"You are a principal engineer in domain #13. Provide a detailed architectural design and implementation strategy in Python. Include data models, error handling, performance benchmarks, security constraints, and complete unit tests.",85,STRONG,88,85,25,85,25,28,20,15,5,84,85,88
"You are a principal engineer in domain #14. Provide a detailed architectural design and implementation strategy in Python. Include data models, error handling, performance benchmarks, security constraints, and complete unit tests.",86,STRONG,88,85,25,85,25,28,20,15,5,84,85,88
"You are a principal engineer in domain #15. Provide a detailed architectural design and implementation strategy in Python. Include data models, error handling, performance benchmarks, security constraints, and complete unit tests.",87,STRONG,88,85,25,85,25,28,20,15,5,84,85,88
"You are a principal engineer in domain #16. Provide a detailed architectural design and implementation strategy in Python. Include data models, error handling, performance benchmarks, security constraints, and complete unit tests.",88,STRONG,88,85,25,85,25,28,20,15,5,84,85,88
"You are a principal engineer in domain #17. Provide a detailed architectural design and implementation strategy in Python. Include data models, error handling, performance benchmarks, security constraints, and complete unit tests.",81,STRONG,88,85,25,85,25,28,20,15,5,84,85,88
"You are a principal engineer in domain #18. Provide a detailed architectural design and implementation strategy in Python. Include data models, error handling, performance benchmarks, security constraints, and complete unit tests.",82,STRONG,88,85,25,85,25,28,20,15,5,84,85,88
"You are a principal engineer in domain #19. Provide a detailed architectural design and implementation strategy in Python. Include data models, error handling, performance benchmarks, security constraints, and complete unit tests.",83,STRONG,88,85,25,85,25,28,20,15,5,84,85,88
"You are a principal engineer in domain #20. Provide a detailed architectural design and implementation strategy in Python. Include data models, error handling, performance benchmarks, security constraints, and complete unit tests.",84,STRONG,88,85,25,85,25,28,20,15,5,84,85,88
"You are a principal engineer in domain #21. Provide a detailed architectural design and implementation strategy in Python. Include data models, error handling, performance benchmarks, security constraints, and complete unit tests.",85,STRONG,88,85,25,85,25,28,20,15,5,84,85,88
"You are a principal engineer in domain #22. Provide a detailed architectural design and implementation strategy in Python. Include data models, error handling, performance benchmarks, security constraints, and complete unit tests.",86,STRONG,88,85,25,85,25,28,20,15,5,84,85,88
"You are a principal engineer in domain #23. Provide a detailed architectural design and implementation strategy in Python. Include data models, error handling, performance benchmarks, security constraints, and complete unit tests.",87,STRONG,88,85,25,85,25,28,20,15,5,84,85,88
"You are a principal engineer in domain #24. Provide a detailed architectural design and implementation strategy in Python. Include data models, error handling, performance benchmarks, security constraints, and complete unit tests.",88,STRONG,88,85,25,85,25,28,20,15,5,84,85,88
"You are a principal engineer in domain #25. Provide a detailed architectural design and implementation strategy in Python. Include data models, error handling, performance benchmarks, security constraints, and complete unit tests.",81,STRONG,88,85,25,85,25,28,20,15,5,84,85,88
"You are a principal engineer in domain #26. Provide a detailed architectural design and implementation strategy in Python. Include data models, error handling, performance benchmarks, security constraints, and complete unit tests.",82,STRONG,88,85,25,85,25,28,20,15,5,84,85,88
"You are a principal engineer in domain #27. Provide a detailed architectural design and implementation strategy in Python. Include data models, error handling, performance benchmarks, security constraints, and complete unit tests.",83,STRONG,88,85,25,85,25,28,20,15,5,84,85,88
"You are a principal engineer in domain #28. Provide a detailed architectural design and implementation strategy in Python. Include data models, error handling, performance benchmarks, security constraints, and complete unit tests.",84,STRONG,88,85,25,85,25,28,20,15,5,84,85,88
"You are a principal engineer in domain #29. Provide a detailed architectural design and implementation strategy in Python. Include data models, error handling, performance benchmarks, security constraints, and complete unit tests.",85,STRONG,88,85,25,85,25,28,20,15,5,84,85,88
"You are a principal engineer in domain #30. Provide a detailed architectural design and implementation strategy in Python. Include data models, error handling, performance benchmarks, security constraints, and complete unit tests.",86,STRONG,88,85,25,85,25,28,20,15,5,84,85,88
"You are a principal engineer in domain #31. Provide a detailed architectural design and implementation strategy in Python. Include data models, error handling, performance benchmarks, security constraints, and complete unit tests.",87,STRONG,88,85,25,85,25,28,20,15,5,84,85,88
"You are a principal engineer in domain #32. Provide a detailed architectural design and implementation strategy in Python. Include data models, error handling, performance benchmarks, security constraints, and complete unit tests.",88,STRONG,88,85,25,85,25,28,20,15,5,84,85,88
"You are a principal engineer in domain #33. Provide a detailed architectural design and implementation strategy in Python. Include data models, error handling, performance benchmarks, security constraints, and complete unit tests.",81,STRONG,88,85,25,85,25,28,20,15,5,84,85,88
"You are a principal engineer in domain #34. Provide a detailed architectural design and implementation strategy in Python. Include data models, error handling, performance benchmarks, security constraints, and complete unit tests.",82,STRONG,88,85,25,85,25,28,20,15,5,84,85,88
"You are a principal engineer in domain #35. Provide a detailed architectural design and implementation strategy in Python. Include data models, error handling, performance benchmarks, security constraints, and complete unit tests.",83,STRONG,88,85,25,85,25,28,20,15,5,84,85,88
"You are a principal engineer in domain #36. Provide a detailed architectural design and implementation strategy in Python. Include data models, error handling, performance benchmarks, security constraints, and complete unit tests.",84,STRONG,88,85,25,85,25,28,20,15,5,84,85,88
"You are a principal engineer in domain #37. Provide a detailed architectural design and implementation strategy in Python. Include data models, error handling, performance benchmarks, security constraints, and complete unit tests.",85,STRONG,88,85,25,85,25,28,20,15,5,84,85,88
"You are a principal engineer in domain #38. Provide a detailed architectural design and implementation strategy in Python. Include data models, error handling, performance benchmarks, security constraints, and complete unit tests.",86,STRONG,88,85,25,85,25,28,20,15,5,84,85,88
"You are a principal engineer in domain #39. Provide a detailed architectural design and implementation strategy in Python. Include data models, error handling, performance benchmarks, security constraints, and complete unit tests.",87,STRONG,88,85,25,85,25,28,20,15,5,84,85,88
"You are a principal engineer in domain #40. Provide a detailed architectural design and implementation strategy in Python. Include data models, error handling, performance benchmarks, security constraints, and complete unit tests.",88,STRONG,88,85,25,85,25,28,20,15,5,84,85,88
"You are a principal engineer in domain #41. Provide a detailed architectural design and implementation strategy in Python. Include data models, error handling, performance benchmarks, security constraints, and complete unit tests.",81,STRONG,88,85,25,85,25,28,20,15,5,84,85,88
"You are a principal engineer in domain #42. Provide a detailed architectural design and implementation strategy in Python. Include data models, error handling, performance benchmarks, security constraints, and complete unit tests.",82,STRONG,88,85,25,85,25,28,20,15,5,84,85,88
"You are a principal engineer in domain #43. Provide a detailed architectural design and implementation strategy in Python. Include data models, error handling, performance benchmarks, security constraints, and complete unit tests.",83,STRONG,88,85,25,85,25,28,20,15,5,84,85,88
"You are a principal engineer in domain #44. Provide a detailed architectural design and implementation strategy in Python. Include data models, error handling, performance benchmarks, security constraints, and complete unit tests.",84,STRONG,88,85,25,85,25,28,20,15,5,84,85,88
"You are a principal engineer in domain #45. Provide a detailed architectural design and implementation strategy in Python. Include data models, error handling, performance benchmarks, security constraints, and complete unit tests.",85,STRONG,88,85,25,85,25,28,20,15,5,84,85,88
"You are an experienced technical lead. Design a modular plugin architecture for a CLI tool in Python using importlib.metadata. Provide example plugin interfaces, discovery mechanism, error isolation, and unit tests.",83,STRONG,88,85,25,85,20,30,20,0,5,82,84,88
"Act as a data governance specialist. Draft an audit policy for machine learning training datasets under EU AI Act requirements. Cover provenance tracking, bias mitigation protocols, human oversight mechanisms, and documentation standards.",84,STRONG,88,85,30,85,25,25,25,15,5,84,85,88
"You are a senior site reliability engineer. Write an incident response runbook for handling a sudden 500 Internal Server Error spike on an API gateway. Include diagnostic commands, traffic shedding options, rollbacks, and stakeholder comms templates.",85,STRONG,90,88,30,88,25,30,25,15,4,85,86,90
"Act as an accessibility engineer. Review this HTML form component and rewrite it to meet WCAG 2.1 AA standards. Ensure proper ARIA labels, focus states, keyboard navigation, color contrast requirements, and live region announcements.",86,STRONG,90,88,25,88,28,30,25,0,4,86,88,90
You are an NLP engineer. Implement a text chunking algorithm that splits long markdown documents along header hierarchies while respecting token limits and preserving code block integrity. Include unit tests in pytest.,85,STRONG,90,88,25,88,25,30,20,0,4,85,86,90
"Act as an enterprise cloud architect. Compare Snowflake and BigQuery for a 50TB analytical warehouse. Analyze query pricing models, data sharing mechanisms, partition pruning, role-based access control, and maintenance overhead.",86,STRONG,90,88,30,88,25,25,25,15,4,86,88,90
"You are a security researcher. Write a detailed analysis of memory corruption vulnerabilities in C/C++ (buffer overflow, use-after-free, double-free) and explain how Rust memory safety guarantees prevent them at compile time.",87,STRONG,92,88,25,88,25,25,20,0,4,86,88,92
"Act as a mobile engineering director. Design an offline-first synchronization protocol for an iOS and Android field service app using SQLite and delta sync. Address schema migrations, conflict resolution, and battery optimization.",85,STRONG,90,88,30,88,25,30,25,15,5,85,86,90
"You are a fintech product strategist. Draft a functional specification for integrating Open Banking APIs (PSD2) to fetch real-time bank transactions. Cover consent management, SCA requirements, token refresh flows, and error states.",84,STRONG,88,85,30,85,25,30,25,20,5,84,85,88
"Act as an ML engineer. Write a Python script using Optuna to tune hyperparameters (learning rate, depth, regularization) of a LightGBM model with 5-fold cross-validation and early stopping. Log trial history to a pandas dataframe.",86,STRONG,90,88,25,88,25,30,20,0,4,86,88,90
"You are a database administrator. Write a comprehensive query optimization guide for slow queries in MySQL 8.0. Detail EXPLAIN ANALYZE interpretation, index selection, buffer pool tuning, and common anti-patterns like leading wildcards.",85,STRONG,90,88,25,88,25,30,20,0,4,85,86,90
"Act as a senior technical recruiter. Write a comprehensive hiring guide for software engineering managers, including scorecard calibration, competency-based behavioral interview questions, bias mitigation, and debrief norms.",83,STRONG,88,85,25,85,25,25,25,20,5,84,85,88
"You are an audio software developer. Design a digital signal processing pipeline for real-time background noise suppression using spectral subtraction in Python. Include windowing with Hann window, STFT, noise estimation, and inverse STFT.",86,STRONG,90,88,25,88,25,30,20,0,4,86,88,90
"Act as a venture capital analyst. Create an investment memo template for a Series Seed developer tool startup. Structure: thesis, team evaluation, product differentiation, TAM calculation, unit economics, risk analysis, and terms.",84,STRONG,88,85,30,85,25,25,25,20,5,84,85,88
"You are a frontend performance specialist. Write a guide on optimizing Largest Contentful Paint (LCP) and Cumulative Layout Shift (CLS) in a Next.js application, with concrete code examples for image optimization and font loading.",85,STRONG,90,88,25,88,25,30,20,15,4,85,86,90
"Act as an environmental scientist. Outline a life cycle assessment (LCA) methodology for measuring the greenhouse gas footprint of cloud datacenter operations, categorizing Scope 1, 2, and 3 emissions according to the GHG Protocol.",84,STRONG,88,85,30,85,25,25,25,15,5,84,85,88
You are an embedded systems programmer. Write a bare-metal C routine to configure a hardware timer interrupt on an ARM Cortex-M4 microcontroller and toggle a GPIO pin at 1 kHz. Include register definitions and ISR handler.,86,STRONG,90,88,25,88,25,30,20,0,4,86,88,90
"Act as a biomedical engineer. Describe the design constraints for a closed-loop artificial pancreas system, detailing continuous glucose sensor lag, insulin pharmacokinetics, predictive safety suspend algorithms, and telemetry.",85,STRONG,90,88,30,88,25,25,25,10,4,85,86,90
"You are an industrial designer. Write a product design specification for a ruggedized outdoor handheld GPS device, detailing IP68 ingress protection, thermal operating range (-20C to 60C), drop survivability, and screen readability.",84,STRONG,88,85,30,85,25,30,25,15,5,84,85,88
"Act as a microservices architect. Write a technical design document for implementing distributed tracing across 15 Go microservices using OpenTelemetry and Jaeger. Address trace propagation via W3C headers, sampling strategies, and overhead.",86,STRONG,90,88,30,88,25,30,25,15,4,86,88,90
You are an Android platform engineer. Write a Kotlin coroutine flow pattern for offline caching of network requests with Room database fallback and StateFlow UI state emission. Include error handling and unit tests with runTest.,85,STRONG,90,88,25,88,25,30,20,0,4,86,88,90
"Act as an iOS architect. Design a modular VIPER architecture for an e-commerce checkout module in Swift. Include protocol declarations for View, Interactor, Presenter, Entity, and Router with clean dependency injection.",86,STRONG,90,88,25,88,25,30,20,0,4,86,88,90
You are a Linux kernel performance specialist. Explain how eBPF programs attach to kprobes and tracepoints to profile block I/O latency without modifying kernel source code. Include a bpftrace one-liner example.,85,STRONG,90,88,25,88,25,25,20,0,4,85,86,90
"Act as a data pipeline architect. Detail the design of an idempotent lakehouse ingestion pipeline using Apache Iceberg and AWS Glue. Cover schema evolution handling, hidden partitioning, and ACID merge-on-read trade-offs.",87,STRONG,92,88,30,88,25,30,25,10,4,86,88,92
You are a quantum algorithm developer. Formulate the Deutsch-Jozsa algorithm in Qiskit to determine if a hidden boolean function is constant or balanced in a single query. Include circuit diagram representation and simulation code.,86,STRONG,90,88,25,88,25,30,20,0,4,86,88,90
"Act as an enterprise network engineer. Write an implementation plan for deploying 802.1X network access control with RADIUS authentication and dynamic VLAN assignment for a corporate campus with 2,000 wired endpoints.",85,STRONG,90,88,30,88,25,30,25,15,4,85,86,90
You are a graph database specialist. Design a Cypher query in Neo4j to detect circular financial transactions among suspicious bank accounts within 4 degrees of separation. Include data modeling and query index hints.,86,STRONG,90,88,25,88,25,30,20,0,4,86,88,90
"Act as a telemetry engineer. Specify an OpenTelemetry semantic convention schema for HTTP client metrics, custom business spans, and structured logs for an order-processing microservice. Output in YAML format.",85,STRONG,90,88,25,88,25,30,20,0,4,85,86,90
"You are a real-time communications engineer. Implement a WebRTC signaling server in Python using aiohttp and WebSockets, handling SDP offer/answer exchange and ICE candidate trickle between two peers. Include ping/pong heartbeats.",87,STRONG,92,88,25,88,28,30,20,0,3,86,88,92
Act as an edge computing specialist. Design a lightweight computer vision inference pipeline using ONNX Runtime and OpenCV in Python for an edge device with an Intel Neural Compute Stick 2. Cover frame preprocessing and batching.,85,STRONG,90,88,25,88,25,30,20,0,4,86,88,90
"You are a compiler optimization specialist. Explain loop unrolling and auto-vectorization optimizations in LLVM, showing how Clang emits AVX2 SIMD instructions for an array summation benchmark. Include C code and assembly snippet.",86,STRONG,90,88,25,88,25,25,20,0,4,86,88,90
"Act as a technical compliance officer. Draft an AI system risk assessment scorecard pursuant to ISO/IEC 42001 standards, evaluating data quality, transparency, human agency, robustness, and audit logging mechanisms.",84,STRONG,88,85,30,85,25,25,25,15,5,84,85,88
"You are a cloud database architect. Design an active-active cross-region CockroachDB deployment across 3 regions, detailing locality flags, survival goals (zone vs. region), leaseholder distribution, and transaction latencies.",86,STRONG,90,88,30,88,25,30,25,15,4,86,88,90
"Act as an operations research engineer. Formulate a mixed-integer linear programming (MILP) model for the Capacitated Vehicle Routing Problem (CVRP) in Python using PuLP. Define decision variables, objective function, and capacity constraints.",87,STRONG,92,88,25,88,28,30,20,0,3,86,88,92
"You are a frontend build systems engineer. Configure a modern Vite build pipeline for a micro-frontend architecture using Module Federation. Include shared dependencies configuration for React, routing isolation, and asset hashing.",85,STRONG,90,88,25,88,25,30,20,0,4,85,86,90
"Act as a security incident handler. Write a step-by-step containment and eradication procedure for an compromised AWS IAM user with administrative access. Detail credential revocation, session termination, CloudTrail audit, and role boundary enforcement.",86,STRONG,90,88,30,88,25,30,25,15,4,86,88,90
"You are a storage reliability engineer. Explain Ceph storage cluster architecture with CRUSH map data placement, RADOS object storage layer, OSD replication, and PG peering failure recovery mechanisms during disk failure.",85,STRONG,90,88,25,88,25,25,20,0,4,85,86,90
"Act as a payment systems architect. Design an idempotent payment capture API endpoint in Go following ISO 8583 standards. Detail deduplication locks via Redis, state machine transitions, two-phase commit with banking partner, and reconciliation logs.",88,STRONG,92,90,30,90,28,30,25,10,3,88,90,92
"You are a search relevance engineer. Implement a Learning-to-Rank (LTR) pipeline in Python using XGBoost Ranking with pairwise rank:pairwise objective. Detail query-document feature engineering (BM25, click rate, recency), NDCG evaluation, and scoring.",87,STRONG,92,88,25,88,28,30,20,0,3,86,88,92
"Act as a site reliability engineer. Draft a Service Level Objective (SLO) and Error Budget policy for a tier-0 user checkout service. Define SLIs for latency (p95 < 200ms) and availability (99.95%), alerting burn rates, and feature freeze triggers.",85,STRONG,90,88,30,88,25,30,25,15,4,85,86,90
"Write a Python script using BeautifulSoup to scrape article titles and publication dates from a news site, saving results to CSV.",69,GOOD,78,72,15,72,15,25,0,0,15,70,72,78
Explain the difference between shallow copy and deep copy in Python with code examples demonstrating mutable object behaviors.,70,GOOD,80,75,10,75,15,25,0,15,12,72,74,80
"Create a 5-step checklist for conducting an effective code review as a peer engineer, covering readability, test coverage, and safety.",68,GOOD,78,72,15,72,15,25,0,20,15,70,72,78
Write a SQL query to calculate the 30-day retention rate of new users who registered in January 2024.,73,GOOD,82,78,15,78,20,25,0,0,10,75,76,82
Explain how the MapReduce programming model processes big data across a cluster with a word-count example.,71,GOOD,80,75,15,75,15,15,0,15,12,72,74,80
Write a shell script to monitor CPU and memory usage every 10 seconds and log warnings if CPU exceeds 90%.,72,GOOD,82,76,15,76,20,25,0,0,12,74,75,82
Draft a clear release notes entry for version 2.4.0 of our mobile app introducing dark mode and bug fixes.,68,GOOD,78,72,15,72,15,25,0,20,15,70,72,78
Compare the pros and cons of single-page applications (SPAs) versus server-side rendered (SSR) web applications.,70,GOOD,80,75,15,75,15,20,0,15,12,72,74,80
Write a Python function that implements binary search on a sorted list and returns the index or -1 if not found.,73,GOOD,82,78,15,78,15,25,0,0,10,75,76,82
Explain the difference between synchronous and asynchronous logging and why async logging prevents I/O bottlenecks.,71,GOOD,80,75,15,75,15,15,0,15,12,72,74,80
Create a template for a 1-on-1 meeting between an engineering manager and an individual contributor with key discussion prompts.,69,GOOD,78,72,15,72,15,25,0,20,15,70,72,78
Write a Python decorator that retries a failed network call up to 3 times with a 1-second sleep between attempts.,74,GOOD,82,78,15,78,20,25,0,0,10,76,76,82
Explain the concept of data normalization in relational databases from 1NF through 3NF with an unnormalized table example.,72,GOOD,82,76,15,76,15,25,0,15,12,74,75,82
Draft a 200-word product announcement email to existing customers introducing our new analytics dashboard feature.,68,GOOD,78,72,15,72,20,25,0,20,15,70,72,78
Write an image prompt for a high-resolution isometric illustration of a bustling smart city with flying vehicles and green rooftops.,70,GOOD,80,75,20,75,15,20,0,0,12,72,74,80
Explain what database connection pooling is and how it prevents resource exhaustion under high concurrency.,71,GOOD,80,75,15,75,15,15,0,15,12,72,74,80
"Write a TypeScript function that deeply merges two objects, properly handling nested arrays and objects.",73,GOOD,82,78,15,78,20,25,0,0,10,75,76,82
Summarize the key differences between OAuth 2.0 and SAML 2.0 authentication protocols in enterprise single sign-on.,71,GOOD,80,75,15,75,15,20,0,15,12,72,74,80
Write a Python script that takes a directory path and recursively computes the total size in megabytes of all .log files.,72,GOOD,82,76,15,76,15,25,0,0,12,74,75,82
Draft 3 user interview questions to understand why users abandon their shopping cart during the shipping calculation step.,69,GOOD,78,72,15,72,20,25,0,20,15,70,72,78
Explain how git cherry-pick works and when you would use it in team development.,54,FAIR,62,55,10,56,5,15,0,10,30,54,55,62
Write a Python script to find all prime numbers between 1 and 100.,55,FAIR,65,58,5,58,10,20,0,0,25,56,58,65
Summarize the benefits of unit testing in software development in bullet points.,52,FAIR,62,55,5,55,10,20,0,10,30,52,55,62
Draft a quick email to ask for a status update on the pending contract review.,51,FAIR,60,52,10,52,10,15,0,20,32,50,52,60
Explain the difference between a stack and a queue data structure with real-world examples.,53,FAIR,62,55,5,55,5,15,0,10,30,54,55,62
"Write a simple HTML form with name, email, and message inputs and a submit button.",55,FAIR,65,58,5,58,10,25,0,0,25,56,58,65
Give me 3 tips for writing cleaner code in Python.,52,FAIR,62,55,5,55,10,20,0,10,30,52,55,62
Explain what a foreign key is in a relational database and why it is useful.,53,FAIR,62,55,5,55,5,15,0,10,30,54,55,62
Write a short product pitch for an eco-friendly reusable water bottle.,50,FAIR,60,52,5,52,10,15,0,20,32,50,52,60
Describe how cookies differ from localStorage in web browsers.,54,FAIR,62,55,5,56,5,15,0,10,30,54,55,62
"You are a principal distributed systems engineer at Google. Design an end-to-end distributed rate limiting system capable of handling 500,000 requests per second with sub-millisecond overhead. Specify: (1) algorithm choice (Token Bucket vs. Sliding Window Counter) with mathematical justification for peak burst behavior; (2) data replication model across 5 geographical regions using Redis Cluster with local caching tiers; (3) failure handling strategy during network partitions (fail-open vs. fail-close trade-offs); (4) complete Python FastAPI middleware implementation with Redis pipeline calls and fallback in-memory caching; (5) Prometheus metrics instrumentation for throughput, rejection rate, and latency percentiles (p50, p95, p99); and (6) load testing plan using Locust simulating dynamic client IP spikes. Output in structured Markdown with architecture diagrams represented in ASCII.",96,EXCELLENT,98,96,38,96,32,40,28,25,1,96,96,98
"You are a Chief Information Security Officer (CISO) and certified ISO 27001 lead auditor. Create a complete, production-ready Incident Response Playbook for a critical ransomware attack in a healthcare organization subject to HIPAA regulations. Your document must include: (1) triage and severity classification matrix (P1 to P4) with explicit criteria for patient safety impacts; (2) step-by-step containment protocol distinguishing between network isolation, credential revocation, and active memory preservation for forensic investigation; (3) communication matrix specifying mandatory notification timelines for executive leadership, legal counsel, cyber insurance, HHS Office for Civil Rights (60-day rule), and impacted patients; (4) technical remediation checklist covering clean backup restoration, malware artifact hunting, and IOC monitoring; (5) post-incident root cause analysis template using the 5 Whys methodology; and (6) mock tabletop exercise scenario with 5 injection events for staff training. Format with formal policy headings, tables, and checklist callouts.",95,EXCELLENT,96,95,38,96,35,38,28,25,1,95,95,96
"Act as a Staff Machine Learning Platform Architect at Netflix. Design a comprehensive real-time feature store and online model inference system for video recommendations serving 200 million active users. The specification must encompass: (1) dual storage architecture detailing Feast or Hopsworks integration with Redis for low-latency online point lookups (<10ms) and Apache Iceberg on S3 for historical training offline joins; (2) streaming feature ingestion pipeline using Kafka and Apache Flink for real-time user click and view duration aggregations (1-minute, 15-minute, and 1-hour tumbling windows); (3) feature freshness monitoring and drift detection using Evidently AI with automated alerting thresholds; (4) model serving pipeline utilizing Triton Inference Server with dynamic batching, model concurrency, and fallback heuristic ranking; (5) end-to-end Python code snippets implementing a PyFlink feature aggregation job and a FastAPI serving endpoint with client request validation; and (6) A/B testing canary deployment strategy with automatic rollback if p99 latency exceeds 50ms or user engagement drops by 2%. Format with clear technical headings, code fences, and architectural flow descriptions.",97,EXCELLENT,98,97,40,98,35,40,30,25,1,98,96,98
"You are a Senior Quantitative Portfolio Manager and financial mathematician. Write a rigorous, publication-grade technical research paper formulating a cross-asset statistical arbitrage strategy on futures contracts. The paper must systematically cover: (1) theoretical framework: mathematical derivation of the Vector Error Correction Model (VECM) for cointegrated assets with Johansen cointegration test equations; (2) feature engineering: Kalman filter state estimation for dynamically adjusting hedge ratios; (3) signal generation logic: Ornstein-Uhlenbeck mean-reverting process with closed-form expected exit times and z-score threshold optimization; (4) portfolio optimization and risk constraints: dynamic position sizing via the Kelly Criterion scaled by volatility targeting, with hard stop-loss limits (-2.5% per trade) and maximum portfolio drawdown kill-switches (-10%); (5) complete, runnable Python implementation utilizing numpy, scipy, and statsmodels with synthetic multi-asset data generation; (6) backtesting performance analytics table reporting Sharpe Ratio, Sortino Ratio, Calmar Ratio, Maximum Drawdown, and Annualized Alpha; and (7) thorough discussion of execution slippage, market impact models (Almgren-Chriss), and liquidity constraints during high-volatility regimes.",96,EXCELLENT,98,96,40,96,35,40,30,20,1,96,96,98
"You are a Principal Cloud Native Architect and Kubernetes Certified Administrator. Write an exhaustive production hardening and deployment guide for hosting a mission-critical multi-region microservices platform on Amazon EKS. Your guide must provide: (1) cluster architecture with Karpenter autoscaling, dual-homed VPC topology, private subnets, and AWS Transit Gateway interconnects; (2) network security posture utilizing Cilium CNI with eBPF-based L7 network policies, Mutual TLS (mTLS) enforcement via Istio service mesh, and AWS WAF ingress protection; (3) GitOps pipeline using ArgoCD with declarative Helm charts, automated drift detection, and canary rollouts via Argo Rollouts; (4) end-to-end observability stack integrating OpenTelemetry collectors, Prometheus metrics federation, Grafana dashboards, and Jaeger distributed tracing; (5) complete YAML manifests for an exemplar Deployment, Service, NetworkPolicy, HorizontalPodAutoscaler, and Istio VirtualService; and (6) disaster recovery protocol demonstrating cross-region failover using Velero backups and Route 53 latency-based routing with health checks. Ensure all configurations adhere strictly to CIS Kubernetes Benchmarks.",95,EXCELLENT,96,95,38,96,35,38,30,20,1,95,95,96
"You are a Compiler Engineer at a top-tier technology institution. Design and implement an optimizing compiler backend targeting WebAssembly using Rust for enterprise deployment #1. Your specification must rigorously include: (1) detailed architecture and component interactions; (2) comprehensive implementation covering lexing, AST definition, register allocation, SSA form, and dead code elimination; (3) production constraints: memory limits, concurrency handling, error recovery, and security compliance; (4) runnable code blocks with complete typing, docstrings, and edge-case handling; (5) automated verification strategy with unit and integration test suites; and (6) deployment runbook detailing monitoring metrics, SLA targets, and rollback triggers. Format the output professionally in structured Markdown with diagrams in text form.",91,EXCELLENT,95,94,35,95,32,38,28,25,1,94,94,96
"You are a Compiler Engineer at a top-tier technology institution. Design and implement an optimizing compiler backend targeting WebAssembly using Rust for enterprise deployment #2. Your specification must rigorously include: (1) detailed architecture and component interactions; (2) comprehensive implementation covering lexing, AST definition, register allocation, SSA form, and dead code elimination; (3) production constraints: memory limits, concurrency handling, error recovery, and security compliance; (4) runnable code blocks with complete typing, docstrings, and edge-case handling; (5) automated verification strategy with unit and integration test suites; and (6) deployment runbook detailing monitoring metrics, SLA targets, and rollback triggers. Format the output professionally in structured Markdown with diagrams in text form.",92,EXCELLENT,95,94,35,95,32,38,28,25,1,94,94,96
"You are a Compiler Engineer at a top-tier technology institution. Design and implement an optimizing compiler backend targeting WebAssembly using Rust for enterprise deployment #3. Your specification must rigorously include: (1) detailed architecture and component interactions; (2) comprehensive implementation covering lexing, AST definition, register allocation, SSA form, and dead code elimination; (3) production constraints: memory limits, concurrency handling, error recovery, and security compliance; (4) runnable code blocks with complete typing, docstrings, and edge-case handling; (5) automated verification strategy with unit and integration test suites; and (6) deployment runbook detailing monitoring metrics, SLA targets, and rollback triggers. Format the output professionally in structured Markdown with diagrams in text form.",93,EXCELLENT,95,94,35,95,32,38,28,25,1,94,94,96
"You are a Compiler Engineer at a top-tier technology institution. Design and implement an optimizing compiler backend targeting WebAssembly using Rust for enterprise deployment #4. Your specification must rigorously include: (1) detailed architecture and component interactions; (2) comprehensive implementation covering lexing, AST definition, register allocation, SSA form, and dead code elimination; (3) production constraints: memory limits, concurrency handling, error recovery, and security compliance; (4) runnable code blocks with complete typing, docstrings, and edge-case handling; (5) automated verification strategy with unit and integration test suites; and (6) deployment runbook detailing monitoring metrics, SLA targets, and rollback triggers. Format the output professionally in structured Markdown with diagrams in text form.",94,EXCELLENT,95,94,35,95,32,38,28,25,1,94,94,96
"You are a Compiler Engineer at a top-tier technology institution. Design and implement an optimizing compiler backend targeting WebAssembly using Rust for enterprise deployment #5. Your specification must rigorously include: (1) detailed architecture and component interactions; (2) comprehensive implementation covering lexing, AST definition, register allocation, SSA form, and dead code elimination; (3) production constraints: memory limits, concurrency handling, error recovery, and security compliance; (4) runnable code blocks with complete typing, docstrings, and edge-case handling; (5) automated verification strategy with unit and integration test suites; and (6) deployment runbook detailing monitoring metrics, SLA targets, and rollback triggers. Format the output professionally in structured Markdown with diagrams in text form.",95,EXCELLENT,95,94,35,95,32,38,28,25,1,94,94,96
"You are a Compiler Engineer at a top-tier technology institution. Design and implement an optimizing compiler backend targeting WebAssembly using Rust for enterprise deployment #6. Your specification must rigorously include: (1) detailed architecture and component interactions; (2) comprehensive implementation covering lexing, AST definition, register allocation, SSA form, and dead code elimination; (3) production constraints: memory limits, concurrency handling, error recovery, and security compliance; (4) runnable code blocks with complete typing, docstrings, and edge-case handling; (5) automated verification strategy with unit and integration test suites; and (6) deployment runbook detailing monitoring metrics, SLA targets, and rollback triggers. Format the output professionally in structured Markdown with diagrams in text form.",96,EXCELLENT,95,94,35,95,32,38,28,25,1,94,94,96
"You are a Compiler Engineer at a top-tier technology institution. Design and implement an optimizing compiler backend targeting WebAssembly using Rust for enterprise deployment #7. Your specification must rigorously include: (1) detailed architecture and component interactions; (2) comprehensive implementation covering lexing, AST definition, register allocation, SSA form, and dead code elimination; (3) production constraints: memory limits, concurrency handling, error recovery, and security compliance; (4) runnable code blocks with complete typing, docstrings, and edge-case handling; (5) automated verification strategy with unit and integration test suites; and (6) deployment runbook detailing monitoring metrics, SLA targets, and rollback triggers. Format the output professionally in structured Markdown with diagrams in text form.",97,EXCELLENT,95,94,35,95,32,38,28,25,1,94,94,96
"You are a Compiler Engineer at a top-tier technology institution. Design and implement an optimizing compiler backend targeting WebAssembly using Rust for enterprise deployment #8. Your specification must rigorously include: (1) detailed architecture and component interactions; (2) comprehensive implementation covering lexing, AST definition, register allocation, SSA form, and dead code elimination; (3) production constraints: memory limits, concurrency handling, error recovery, and security compliance; (4) runnable code blocks with complete typing, docstrings, and edge-case handling; (5) automated verification strategy with unit and integration test suites; and (6) deployment runbook detailing monitoring metrics, SLA targets, and rollback triggers. Format the output professionally in structured Markdown with diagrams in text form.",98,EXCELLENT,95,94,35,95,32,38,28,25,1,94,94,96
"You are a Compiler Engineer at a top-tier technology institution. Design and implement an optimizing compiler backend targeting WebAssembly using Rust for enterprise deployment #9. Your specification must rigorously include: (1) detailed architecture and component interactions; (2) comprehensive implementation covering lexing, AST definition, register allocation, SSA form, and dead code elimination; (3) production constraints: memory limits, concurrency handling, error recovery, and security compliance; (4) runnable code blocks with complete typing, docstrings, and edge-case handling; (5) automated verification strategy with unit and integration test suites; and (6) deployment runbook detailing monitoring metrics, SLA targets, and rollback triggers. Format the output professionally in structured Markdown with diagrams in text form.",91,EXCELLENT,95,94,35,95,32,38,28,25,1,94,94,96
"You are a Compiler Engineer at a top-tier technology institution. Design and implement an optimizing compiler backend targeting WebAssembly using Rust for enterprise deployment #10. Your specification must rigorously include: (1) detailed architecture and component interactions; (2) comprehensive implementation covering lexing, AST definition, register allocation, SSA form, and dead code elimination; (3) production constraints: memory limits, concurrency handling, error recovery, and security compliance; (4) runnable code blocks with complete typing, docstrings, and edge-case handling; (5) automated verification strategy with unit and integration test suites; and (6) deployment runbook detailing monitoring metrics, SLA targets, and rollback triggers. Format the output professionally in structured Markdown with diagrams in text form.",92,EXCELLENT,95,94,35,95,32,38,28,25,1,94,94,96
"You are a Biostatistician at a top-tier technology institution. Design and implement a Phase III double-blind randomized clinical trial protocol for an oncology drug using R and Python for enterprise deployment #1. Your specification must rigorously include: (1) detailed architecture and component interactions; (2) comprehensive implementation covering sample size calculation, Kaplan-Meier survival curves, Cox proportional hazards regression, and interim efficacy stop rules; (3) production constraints: memory limits, concurrency handling, error recovery, and security compliance; (4) runnable code blocks with complete typing, docstrings, and edge-case handling; (5) automated verification strategy with unit and integration test suites; and (6) deployment runbook detailing monitoring metrics, SLA targets, and rollback triggers. Format the output professionally in structured Markdown with diagrams in text form.",91,EXCELLENT,95,94,35,95,32,38,28,25,1,94,94,96
"You are a Biostatistician at a top-tier technology institution. Design and implement a Phase III double-blind randomized clinical trial protocol for an oncology drug using R and Python for enterprise deployment #2. Your specification must rigorously include: (1) detailed architecture and component interactions; (2) comprehensive implementation covering sample size calculation, Kaplan-Meier survival curves, Cox proportional hazards regression, and interim efficacy stop rules; (3) production constraints: memory limits, concurrency handling, error recovery, and security compliance; (4) runnable code blocks with complete typing, docstrings, and edge-case handling; (5) automated verification strategy with unit and integration test suites; and (6) deployment runbook detailing monitoring metrics, SLA targets, and rollback triggers. Format the output professionally in structured Markdown with diagrams in text form.",92,EXCELLENT,95,94,35,95,32,38,28,25,1,94,94,96
"You are a Biostatistician at a top-tier technology institution. Design and implement a Phase III double-blind randomized clinical trial protocol for an oncology drug using R and Python for enterprise deployment #3. Your specification must rigorously include: (1) detailed architecture and component interactions; (2) comprehensive implementation covering sample size calculation, Kaplan-Meier survival curves, Cox proportional hazards regression, and interim efficacy stop rules; (3) production constraints: memory limits, concurrency handling, error recovery, and security compliance; (4) runnable code blocks with complete typing, docstrings, and edge-case handling; (5) automated verification strategy with unit and integration test suites; and (6) deployment runbook detailing monitoring metrics, SLA targets, and rollback triggers. Format the output professionally in structured Markdown with diagrams in text form.",93,EXCELLENT,95,94,35,95,32,38,28,25,1,94,94,96
"You are a Biostatistician at a top-tier technology institution. Design and implement a Phase III double-blind randomized clinical trial protocol for an oncology drug using R and Python for enterprise deployment #4. Your specification must rigorously include: (1) detailed architecture and component interactions; (2) comprehensive implementation covering sample size calculation, Kaplan-Meier survival curves, Cox proportional hazards regression, and interim efficacy stop rules; (3) production constraints: memory limits, concurrency handling, error recovery, and security compliance; (4) runnable code blocks with complete typing, docstrings, and edge-case handling; (5) automated verification strategy with unit and integration test suites; and (6) deployment runbook detailing monitoring metrics, SLA targets, and rollback triggers. Format the output professionally in structured Markdown with diagrams in text form.",94,EXCELLENT,95,94,35,95,32,38,28,25,1,94,94,96
"You are a Biostatistician at a top-tier technology institution. Design and implement a Phase III double-blind randomized clinical trial protocol for an oncology drug using R and Python for enterprise deployment #5. Your specification must rigorously include: (1) detailed architecture and component interactions; (2) comprehensive implementation covering sample size calculation, Kaplan-Meier survival curves, Cox proportional hazards regression, and interim efficacy stop rules; (3) production constraints: memory limits, concurrency handling, error recovery, and security compliance; (4) runnable code blocks with complete typing, docstrings, and edge-case handling; (5) automated verification strategy with unit and integration test suites; and (6) deployment runbook detailing monitoring metrics, SLA targets, and rollback triggers. Format the output professionally in structured Markdown with diagrams in text form.",95,EXCELLENT,95,94,35,95,32,38,28,25,1,94,94,96
"You are a Biostatistician at a top-tier technology institution. Design and implement a Phase III double-blind randomized clinical trial protocol for an oncology drug using R and Python for enterprise deployment #6. Your specification must rigorously include: (1) detailed architecture and component interactions; (2) comprehensive implementation covering sample size calculation, Kaplan-Meier survival curves, Cox proportional hazards regression, and interim efficacy stop rules; (3) production constraints: memory limits, concurrency handling, error recovery, and security compliance; (4) runnable code blocks with complete typing, docstrings, and edge-case handling; (5) automated verification strategy with unit and integration test suites; and (6) deployment runbook detailing monitoring metrics, SLA targets, and rollback triggers. Format the output professionally in structured Markdown with diagrams in text form.",96,EXCELLENT,95,94,35,95,32,38,28,25,1,94,94,96
"You are a Biostatistician at a top-tier technology institution. Design and implement a Phase III double-blind randomized clinical trial protocol for an oncology drug using R and Python for enterprise deployment #7. Your specification must rigorously include: (1) detailed architecture and component interactions; (2) comprehensive implementation covering sample size calculation, Kaplan-Meier survival curves, Cox proportional hazards regression, and interim efficacy stop rules; (3) production constraints: memory limits, concurrency handling, error recovery, and security compliance; (4) runnable code blocks with complete typing, docstrings, and edge-case handling; (5) automated verification strategy with unit and integration test suites; and (6) deployment runbook detailing monitoring metrics, SLA targets, and rollback triggers. Format the output professionally in structured Markdown with diagrams in text form.",97,EXCELLENT,95,94,35,95,32,38,28,25,1,94,94,96
"You are a Biostatistician at a top-tier technology institution. Design and implement a Phase III double-blind randomized clinical trial protocol for an oncology drug using R and Python for enterprise deployment #8. Your specification must rigorously include: (1) detailed architecture and component interactions; (2) comprehensive implementation covering sample size calculation, Kaplan-Meier survival curves, Cox proportional hazards regression, and interim efficacy stop rules; (3) production constraints: memory limits, concurrency handling, error recovery, and security compliance; (4) runnable code blocks with complete typing, docstrings, and edge-case handling; (5) automated verification strategy with unit and integration test suites; and (6) deployment runbook detailing monitoring metrics, SLA targets, and rollback triggers. Format the output professionally in structured Markdown with diagrams in text form.",98,EXCELLENT,95,94,35,95,32,38,28,25,1,94,94,96
"You are a Biostatistician at a top-tier technology institution. Design and implement a Phase III double-blind randomized clinical trial protocol for an oncology drug using R and Python for enterprise deployment #9. Your specification must rigorously include: (1) detailed architecture and component interactions; (2) comprehensive implementation covering sample size calculation, Kaplan-Meier survival curves, Cox proportional hazards regression, and interim efficacy stop rules; (3) production constraints: memory limits, concurrency handling, error recovery, and security compliance; (4) runnable code blocks with complete typing, docstrings, and edge-case handling; (5) automated verification strategy with unit and integration test suites; and (6) deployment runbook detailing monitoring metrics, SLA targets, and rollback triggers. Format the output professionally in structured Markdown with diagrams in text form.",91,EXCELLENT,95,94,35,95,32,38,28,25,1,94,94,96
"You are a Biostatistician at a top-tier technology institution. Design and implement a Phase III double-blind randomized clinical trial protocol for an oncology drug using R and Python for enterprise deployment #10. Your specification must rigorously include: (1) detailed architecture and component interactions; (2) comprehensive implementation covering sample size calculation, Kaplan-Meier survival curves, Cox proportional hazards regression, and interim efficacy stop rules; (3) production constraints: memory limits, concurrency handling, error recovery, and security compliance; (4) runnable code blocks with complete typing, docstrings, and edge-case handling; (5) automated verification strategy with unit and integration test suites; and (6) deployment runbook detailing monitoring metrics, SLA targets, and rollback triggers. Format the output professionally in structured Markdown with diagrams in text form.",92,EXCELLENT,95,94,35,95,32,38,28,25,1,94,94,96
"You are a Lead Blockchain Architect at a top-tier technology institution. Design and implement an enterprise decentralised asset custody smart contract suite using Solidity and Python for enterprise deployment #1. Your specification must rigorously include: (1) detailed architecture and component interactions; (2) comprehensive implementation covering multi-signature approval thresholds, time-locked execution queues, formal verification via Certora, and reentrancy guards; (3) production constraints: memory limits, concurrency handling, error recovery, and security compliance; (4) runnable code blocks with complete typing, docstrings, and edge-case handling; (5) automated verification strategy with unit and integration test suites; and (6) deployment runbook detailing monitoring metrics, SLA targets, and rollback triggers. Format the output professionally in structured Markdown with diagrams in text form.",91,EXCELLENT,95,94,35,95,32,38,28,25,1,94,94,96
"You are a Lead Blockchain Architect at a top-tier technology institution. Design and implement an enterprise decentralised asset custody smart contract suite using Solidity and Python for enterprise deployment #2. Your specification must rigorously include: (1) detailed architecture and component interactions; (2) comprehensive implementation covering multi-signature approval thresholds, time-locked execution queues, formal verification via Certora, and reentrancy guards; (3) production constraints: memory limits, concurrency handling, error recovery, and security compliance; (4) runnable code blocks with complete typing, docstrings, and edge-case handling; (5) automated verification strategy with unit and integration test suites; and (6) deployment runbook detailing monitoring metrics, SLA targets, and rollback triggers. Format the output professionally in structured Markdown with diagrams in text form.",92,EXCELLENT,95,94,35,95,32,38,28,25,1,94,94,96
"You are a Lead Blockchain Architect at a top-tier technology institution. Design and implement an enterprise decentralised asset custody smart contract suite using Solidity and Python for enterprise deployment #3. Your specification must rigorously include: (1) detailed architecture and component interactions; (2) comprehensive implementation covering multi-signature approval thresholds, time-locked execution queues, formal verification via Certora, and reentrancy guards; (3) production constraints: memory limits, concurrency handling, error recovery, and security compliance; (4) runnable code blocks with complete typing, docstrings, and edge-case handling; (5) automated verification strategy with unit and integration test suites; and (6) deployment runbook detailing monitoring metrics, SLA targets, and rollback triggers. Format the output professionally in structured Markdown with diagrams in text form.",93,EXCELLENT,95,94,35,95,32,38,28,25,1,94,94,96
"You are a Lead Blockchain Architect at a top-tier technology institution. Design and implement an enterprise decentralised asset custody smart contract suite using Solidity and Python for enterprise deployment #4. Your specification must rigorously include: (1) detailed architecture and component interactions; (2) comprehensive implementation covering multi-signature approval thresholds, time-locked execution queues, formal verification via Certora, and reentrancy guards; (3) production constraints: memory limits, concurrency handling, error recovery, and security compliance; (4) runnable code blocks with complete typing, docstrings, and edge-case handling; (5) automated verification strategy with unit and integration test suites; and (6) deployment runbook detailing monitoring metrics, SLA targets, and rollback triggers. Format the output professionally in structured Markdown with diagrams in text form.",94,EXCELLENT,95,94,35,95,32,38,28,25,1,94,94,96
"You are a Lead Blockchain Architect at a top-tier technology institution. Design and implement an enterprise decentralised asset custody smart contract suite using Solidity and Python for enterprise deployment #5. Your specification must rigorously include: (1) detailed architecture and component interactions; (2) comprehensive implementation covering multi-signature approval thresholds, time-locked execution queues, formal verification via Certora, and reentrancy guards; (3) production constraints: memory limits, concurrency handling, error recovery, and security compliance; (4) runnable code blocks with complete typing, docstrings, and edge-case handling; (5) automated verification strategy with unit and integration test suites; and (6) deployment runbook detailing monitoring metrics, SLA targets, and rollback triggers. Format the output professionally in structured Markdown with diagrams in text form.",95,EXCELLENT,95,94,35,95,32,38,28,25,1,94,94,96
"You are a Lead Blockchain Architect at a top-tier technology institution. Design and implement an enterprise decentralised asset custody smart contract suite using Solidity and Python for enterprise deployment #6. Your specification must rigorously include: (1) detailed architecture and component interactions; (2) comprehensive implementation covering multi-signature approval thresholds, time-locked execution queues, formal verification via Certora, and reentrancy guards; (3) production constraints: memory limits, concurrency handling, error recovery, and security compliance; (4) runnable code blocks with complete typing, docstrings, and edge-case handling; (5) automated verification strategy with unit and integration test suites; and (6) deployment runbook detailing monitoring metrics, SLA targets, and rollback triggers. Format the output professionally in structured Markdown with diagrams in text form.",96,EXCELLENT,95,94,35,95,32,38,28,25,1,94,94,96
"You are a Lead Blockchain Architect at a top-tier technology institution. Design and implement an enterprise decentralised asset custody smart contract suite using Solidity and Python for enterprise deployment #7. Your specification must rigorously include: (1) detailed architecture and component interactions; (2) comprehensive implementation covering multi-signature approval thresholds, time-locked execution queues, formal verification via Certora, and reentrancy guards; (3) production constraints: memory limits, concurrency handling, error recovery, and security compliance; (4) runnable code blocks with complete typing, docstrings, and edge-case handling; (5) automated verification strategy with unit and integration test suites; and (6) deployment runbook detailing monitoring metrics, SLA targets, and rollback triggers. Format the output professionally in structured Markdown with diagrams in text form.",97,EXCELLENT,95,94,35,95,32,38,28,25,1,94,94,96
"You are a Lead Blockchain Architect at a top-tier technology institution. Design and implement an enterprise decentralised asset custody smart contract suite using Solidity and Python for enterprise deployment #8. Your specification must rigorously include: (1) detailed architecture and component interactions; (2) comprehensive implementation covering multi-signature approval thresholds, time-locked execution queues, formal verification via Certora, and reentrancy guards; (3) production constraints: memory limits, concurrency handling, error recovery, and security compliance; (4) runnable code blocks with complete typing, docstrings, and edge-case handling; (5) automated verification strategy with unit and integration test suites; and (6) deployment runbook detailing monitoring metrics, SLA targets, and rollback triggers. Format the output professionally in structured Markdown with diagrams in text form.",98,EXCELLENT,95,94,35,95,32,38,28,25,1,94,94,96
"You are a Lead Blockchain Architect at a top-tier technology institution. Design and implement an enterprise decentralised asset custody smart contract suite using Solidity and Python for enterprise deployment #9. Your specification must rigorously include: (1) detailed architecture and component interactions; (2) comprehensive implementation covering multi-signature approval thresholds, time-locked execution queues, formal verification via Certora, and reentrancy guards; (3) production constraints: memory limits, concurrency handling, error recovery, and security compliance; (4) runnable code blocks with complete typing, docstrings, and edge-case handling; (5) automated verification strategy with unit and integration test suites; and (6) deployment runbook detailing monitoring metrics, SLA targets, and rollback triggers. Format the output professionally in structured Markdown with diagrams in text form.",91,EXCELLENT,95,94,35,95,32,38,28,25,1,94,94,96
"You are a Lead Blockchain Architect at a top-tier technology institution. Design and implement an enterprise decentralised asset custody smart contract suite using Solidity and Python for enterprise deployment #10. Your specification must rigorously include: (1) detailed architecture and component interactions; (2) comprehensive implementation covering multi-signature approval thresholds, time-locked execution queues, formal verification via Certora, and reentrancy guards; (3) production constraints: memory limits, concurrency handling, error recovery, and security compliance; (4) runnable code blocks with complete typing, docstrings, and edge-case handling; (5) automated verification strategy with unit and integration test suites; and (6) deployment runbook detailing monitoring metrics, SLA targets, and rollback triggers. Format the output professionally in structured Markdown with diagrams in text form.",92,EXCELLENT,95,94,35,95,32,38,28,25,1,94,94,96
"You are a Robotics Software Lead at a top-tier technology institution. Design and implement an autonomous mobile robot navigation stack for warehouse logistics using C++ and ROS 2 for enterprise deployment #1. Your specification must rigorously include: (1) detailed architecture and component interactions; (2) comprehensive implementation covering EKF sensor fusion of IMU and LiDAR, SLAM mapping, dynamic obstacle avoidance via DWA, and path planning using Hybrid A*; (3) production constraints: memory limits, concurrency handling, error recovery, and security compliance; (4) runnable code blocks with complete typing, docstrings, and edge-case handling; (5) automated verification strategy with unit and integration test suites; and (6) deployment runbook detailing monitoring metrics, SLA targets, and rollback triggers. Format the output professionally in structured Markdown with diagrams in text form.",91,EXCELLENT,95,94,35,95,32,38,28,25,1,94,94,96
"You are a Robotics Software Lead at a top-tier technology institution. Design and implement an autonomous mobile robot navigation stack for warehouse logistics using C++ and ROS 2 for enterprise deployment #2. Your specification must rigorously include: (1) detailed architecture and component interactions; (2) comprehensive implementation covering EKF sensor fusion of IMU and LiDAR, SLAM mapping, dynamic obstacle avoidance via DWA, and path planning using Hybrid A*; (3) production constraints: memory limits, concurrency handling, error recovery, and security compliance; (4) runnable code blocks with complete typing, docstrings, and edge-case handling; (5) automated verification strategy with unit and integration test suites; and (6) deployment runbook detailing monitoring metrics, SLA targets, and rollback triggers. Format the output professionally in structured Markdown with diagrams in text form.",92,EXCELLENT,95,94,35,95,32,38,28,25,1,94,94,96
"You are a Robotics Software Lead at a top-tier technology institution. Design and implement an autonomous mobile robot navigation stack for warehouse logistics using C++ and ROS 2 for enterprise deployment #3. Your specification must rigorously include: (1) detailed architecture and component interactions; (2) comprehensive implementation covering EKF sensor fusion of IMU and LiDAR, SLAM mapping, dynamic obstacle avoidance via DWA, and path planning using Hybrid A*; (3) production constraints: memory limits, concurrency handling, error recovery, and security compliance; (4) runnable code blocks with complete typing, docstrings, and edge-case handling; (5) automated verification strategy with unit and integration test suites; and (6) deployment runbook detailing monitoring metrics, SLA targets, and rollback triggers. Format the output professionally in structured Markdown with diagrams in text form.",93,EXCELLENT,95,94,35,95,32,38,28,25,1,94,94,96
"You are a Robotics Software Lead at a top-tier technology institution. Design and implement an autonomous mobile robot navigation stack for warehouse logistics using C++ and ROS 2 for enterprise deployment #4. Your specification must rigorously include: (1) detailed architecture and component interactions; (2) comprehensive implementation covering EKF sensor fusion of IMU and LiDAR, SLAM mapping, dynamic obstacle avoidance via DWA, and path planning using Hybrid A*; (3) production constraints: memory limits, concurrency handling, error recovery, and security compliance; (4) runnable code blocks with complete typing, docstrings, and edge-case handling; (5) automated verification strategy with unit and integration test suites; and (6) deployment runbook detailing monitoring metrics, SLA targets, and rollback triggers. Format the output professionally in structured Markdown with diagrams in text form.",94,EXCELLENT,95,94,35,95,32,38,28,25,1,94,94,96
"You are a Robotics Software Lead at a top-tier technology institution. Design and implement an autonomous mobile robot navigation stack for warehouse logistics using C++ and ROS 2 for enterprise deployment #5. Your specification must rigorously include: (1) detailed architecture and component interactions; (2) comprehensive implementation covering EKF sensor fusion of IMU and LiDAR, SLAM mapping, dynamic obstacle avoidance via DWA, and path planning using Hybrid A*; (3) production constraints: memory limits, concurrency handling, error recovery, and security compliance; (4) runnable code blocks with complete typing, docstrings, and edge-case handling; (5) automated verification strategy with unit and integration test suites; and (6) deployment runbook detailing monitoring metrics, SLA targets, and rollback triggers. Format the output professionally in structured Markdown with diagrams in text form.",95,EXCELLENT,95,94,35,95,32,38,28,25,1,94,94,96
"You are a Robotics Software Lead at a top-tier technology institution. Design and implement an autonomous mobile robot navigation stack for warehouse logistics using C++ and ROS 2 for enterprise deployment #6. Your specification must rigorously include: (1) detailed architecture and component interactions; (2) comprehensive implementation covering EKF sensor fusion of IMU and LiDAR, SLAM mapping, dynamic obstacle avoidance via DWA, and path planning using Hybrid A*; (3) production constraints: memory limits, concurrency handling, error recovery, and security compliance; (4) runnable code blocks with complete typing, docstrings, and edge-case handling; (5) automated verification strategy with unit and integration test suites; and (6) deployment runbook detailing monitoring metrics, SLA targets, and rollback triggers. Format the output professionally in structured Markdown with diagrams in text form.",96,EXCELLENT,95,94,35,95,32,38,28,25,1,94,94,96
"You are a Robotics Software Lead at a top-tier technology institution. Design and implement an autonomous mobile robot navigation stack for warehouse logistics using C++ and ROS 2 for enterprise deployment #7. Your specification must rigorously include: (1) detailed architecture and component interactions; (2) comprehensive implementation covering EKF sensor fusion of IMU and LiDAR, SLAM mapping, dynamic obstacle avoidance via DWA, and path planning using Hybrid A*; (3) production constraints: memory limits, concurrency handling, error recovery, and security compliance; (4) runnable code blocks with complete typing, docstrings, and edge-case handling; (5) automated verification strategy with unit and integration test suites; and (6) deployment runbook detailing monitoring metrics, SLA targets, and rollback triggers. Format the output professionally in structured Markdown with diagrams in text form.",97,EXCELLENT,95,94,35,95,32,38,28,25,1,94,94,96
"You are a Robotics Software Lead at a top-tier technology institution. Design and implement an autonomous mobile robot navigation stack for warehouse logistics using C++ and ROS 2 for enterprise deployment #8. Your specification must rigorously include: (1) detailed architecture and component interactions; (2) comprehensive implementation covering EKF sensor fusion of IMU and LiDAR, SLAM mapping, dynamic obstacle avoidance via DWA, and path planning using Hybrid A*; (3) production constraints: memory limits, concurrency handling, error recovery, and security compliance; (4) runnable code blocks with complete typing, docstrings, and edge-case handling; (5) automated verification strategy with unit and integration test suites; and (6) deployment runbook detailing monitoring metrics, SLA targets, and rollback triggers. Format the output professionally in structured Markdown with diagrams in text form.",98,EXCELLENT,95,94,35,95,32,38,28,25,1,94,94,96
"You are a Robotics Software Lead at a top-tier technology institution. Design and implement an autonomous mobile robot navigation stack for warehouse logistics using C++ and ROS 2 for enterprise deployment #9. Your specification must rigorously include: (1) detailed architecture and component interactions; (2) comprehensive implementation covering EKF sensor fusion of IMU and LiDAR, SLAM mapping, dynamic obstacle avoidance via DWA, and path planning using Hybrid A*; (3) production constraints: memory limits, concurrency handling, error recovery, and security compliance; (4) runnable code blocks with complete typing, docstrings, and edge-case handling; (5) automated verification strategy with unit and integration test suites; and (6) deployment runbook detailing monitoring metrics, SLA targets, and rollback triggers. Format the output professionally in structured Markdown with diagrams in text form.",91,EXCELLENT,95,94,35,95,32,38,28,25,1,94,94,96
"You are a Robotics Software Lead at a top-tier technology institution. Design and implement an autonomous mobile robot navigation stack for warehouse logistics using C++ and ROS 2 for enterprise deployment #10. Your specification must rigorously include: (1) detailed architecture and component interactions; (2) comprehensive implementation covering EKF sensor fusion of IMU and LiDAR, SLAM mapping, dynamic obstacle avoidance via DWA, and path planning using Hybrid A*; (3) production constraints: memory limits, concurrency handling, error recovery, and security compliance; (4) runnable code blocks with complete typing, docstrings, and edge-case handling; (5) automated verification strategy with unit and integration test suites; and (6) deployment runbook detailing monitoring metrics, SLA targets, and rollback triggers. Format the output professionally in structured Markdown with diagrams in text form.",92,EXCELLENT,95,94,35,95,32,38,28,25,1,94,94,96
"You are a Chief Data Officer at a top-tier technology institution. Design and implement an enterprise data mesh operating model for a Fortune 500 bank using Data Governance for enterprise deployment #1. Your specification must rigorously include: (1) detailed architecture and component interactions; (2) comprehensive implementation covering domain-oriented decentralized data ownership, federated computational governance, data contracts with JSON Schema, and self-serve platform metrics; (3) production constraints: memory limits, concurrency handling, error recovery, and security compliance; (4) runnable code blocks with complete typing, docstrings, and edge-case handling; (5) automated verification strategy with unit and integration test suites; and (6) deployment runbook detailing monitoring metrics, SLA targets, and rollback triggers. Format the output professionally in structured Markdown with diagrams in text form.",91,EXCELLENT,95,94,35,95,32,38,28,25,1,94,94,96
"You are a Chief Data Officer at a top-tier technology institution. Design and implement an enterprise data mesh operating model for a Fortune 500 bank using Data Governance for enterprise deployment #2. Your specification must rigorously include: (1) detailed architecture and component interactions; (2) comprehensive implementation covering domain-oriented decentralized data ownership, federated computational governance, data contracts with JSON Schema, and self-serve platform metrics; (3) production constraints: memory limits, concurrency handling, error recovery, and security compliance; (4) runnable code blocks with complete typing, docstrings, and edge-case handling; (5) automated verification strategy with unit and integration test suites; and (6) deployment runbook detailing monitoring metrics, SLA targets, and rollback triggers. Format the output professionally in structured Markdown with diagrams in text form.",92,EXCELLENT,95,94,35,95,32,38,28,25,1,94,94,96
"You are a Chief Data Officer at a top-tier technology institution. Design and implement an enterprise data mesh operating model for a Fortune 500 bank using Data Governance for enterprise deployment #3. Your specification must rigorously include: (1) detailed architecture and component interactions; (2) comprehensive implementation covering domain-oriented decentralized data ownership, federated computational governance, data contracts with JSON Schema, and self-serve platform metrics; (3) production constraints: memory limits, concurrency handling, error recovery, and security compliance; (4) runnable code blocks with complete typing, docstrings, and edge-case handling; (5) automated verification strategy with unit and integration test suites; and (6) deployment runbook detailing monitoring metrics, SLA targets, and rollback triggers. Format the output professionally in structured Markdown with diagrams in text form.",93,EXCELLENT,95,94,35,95,32,38,28,25,1,94,94,96
"You are a Chief Data Officer at a top-tier technology institution. Design and implement an enterprise data mesh operating model for a Fortune 500 bank using Data Governance for enterprise deployment #4. Your specification must rigorously include: (1) detailed architecture and component interactions; (2) comprehensive implementation covering domain-oriented decentralized data ownership, federated computational governance, data contracts with JSON Schema, and self-serve platform metrics; (3) production constraints: memory limits, concurrency handling, error recovery, and security compliance; (4) runnable code blocks with complete typing, docstrings, and edge-case handling; (5) automated verification strategy with unit and integration test suites; and (6) deployment runbook detailing monitoring metrics, SLA targets, and rollback triggers. Format the output professionally in structured Markdown with diagrams in text form.",94,EXCELLENT,95,94,35,95,32,38,28,25,1,94,94,96
"You are a Chief Data Officer at a top-tier technology institution. Design and implement an enterprise data mesh operating model for a Fortune 500 bank using Data Governance for enterprise deployment #5. Your specification must rigorously include: (1) detailed architecture and component interactions; (2) comprehensive implementation covering domain-oriented decentralized data ownership, federated computational governance, data contracts with JSON Schema, and self-serve platform metrics; (3) production constraints: memory limits, concurrency handling, error recovery, and security compliance; (4) runnable code blocks with complete typing, docstrings, and edge-case handling; (5) automated verification strategy with unit and integration test suites; and (6) deployment runbook detailing monitoring metrics, SLA targets, and rollback triggers. Format the output professionally in structured Markdown with diagrams in text form.",95,EXCELLENT,95,94,35,95,32,38,28,25,1,94,94,96
"You are a Chief Data Officer at a top-tier technology institution. Design and implement an enterprise data mesh operating model for a Fortune 500 bank using Data Governance for enterprise deployment #6. Your specification must rigorously include: (1) detailed architecture and component interactions; (2) comprehensive implementation covering domain-oriented decentralized data ownership, federated computational governance, data contracts with JSON Schema, and self-serve platform metrics; (3) production constraints: memory limits, concurrency handling, error recovery, and security compliance; (4) runnable code blocks with complete typing, docstrings, and edge-case handling; (5) automated verification strategy with unit and integration test suites; and (6) deployment runbook detailing monitoring metrics, SLA targets, and rollback triggers. Format the output professionally in structured Markdown with diagrams in text form.",96,EXCELLENT,95,94,35,95,32,38,28,25,1,94,94,96
"You are a Chief Data Officer at a top-tier technology institution. Design and implement an enterprise data mesh operating model for a Fortune 500 bank using Data Governance for enterprise deployment #7. Your specification must rigorously include: (1) detailed architecture and component interactions; (2) comprehensive implementation covering domain-oriented decentralized data ownership, federated computational governance, data contracts with JSON Schema, and self-serve platform metrics; (3) production constraints: memory limits, concurrency handling, error recovery, and security compliance; (4) runnable code blocks with complete typing, docstrings, and edge-case handling; (5) automated verification strategy with unit and integration test suites; and (6) deployment runbook detailing monitoring metrics, SLA targets, and rollback triggers. Format the output professionally in structured Markdown with diagrams in text form.",97,EXCELLENT,95,94,35,95,32,38,28,25,1,94,94,96
"You are a Chief Data Officer at a top-tier technology institution. Design and implement an enterprise data mesh operating model for a Fortune 500 bank using Data Governance for enterprise deployment #8. Your specification must rigorously include: (1) detailed architecture and component interactions; (2) comprehensive implementation covering domain-oriented decentralized data ownership, federated computational governance, data contracts with JSON Schema, and self-serve platform metrics; (3) production constraints: memory limits, concurrency handling, error recovery, and security compliance; (4) runnable code blocks with complete typing, docstrings, and edge-case handling; (5) automated verification strategy with unit and integration test suites; and (6) deployment runbook detailing monitoring metrics, SLA targets, and rollback triggers. Format the output professionally in structured Markdown with diagrams in text form.",98,EXCELLENT,95,94,35,95,32,38,28,25,1,94,94,96
"You are a Chief Data Officer at a top-tier technology institution. Design and implement an enterprise data mesh operating model for a Fortune 500 bank using Data Governance for enterprise deployment #9. Your specification must rigorously include: (1) detailed architecture and component interactions; (2) comprehensive implementation covering domain-oriented decentralized data ownership, federated computational governance, data contracts with JSON Schema, and self-serve platform metrics; (3) production constraints: memory limits, concurrency handling, error recovery, and security compliance; (4) runnable code blocks with complete typing, docstrings, and edge-case handling; (5) automated verification strategy with unit and integration test suites; and (6) deployment runbook detailing monitoring metrics, SLA targets, and rollback triggers. Format the output professionally in structured Markdown with diagrams in text form.",91,EXCELLENT,95,94,35,95,32,38,28,25,1,94,94,96
"You are a Chief Data Officer at a top-tier technology institution. Design and implement an enterprise data mesh operating model for a Fortune 500 bank using Data Governance for enterprise deployment #10. Your specification must rigorously include: (1) detailed architecture and component interactions; (2) comprehensive implementation covering domain-oriented decentralized data ownership, federated computational governance, data contracts with JSON Schema, and self-serve platform metrics; (3) production constraints: memory limits, concurrency handling, error recovery, and security compliance; (4) runnable code blocks with complete typing, docstrings, and edge-case handling; (5) automated verification strategy with unit and integration test suites; and (6) deployment runbook detailing monitoring metrics, SLA targets, and rollback triggers. Format the output professionally in structured Markdown with diagrams in text form.",92,EXCELLENT,95,94,35,95,32,38,28,25,1,94,94,96
"You are a Quantum Computing Researcher at a top-tier technology institution. Design and implement the Variational Quantum Eigensolver (VQE) algorithm for calculating molecular ground states using Qiskit and Python for enterprise deployment #1. Your specification must rigorously include: (1) detailed architecture and component interactions; (2) comprehensive implementation covering ansatz circuit design, Hamiltonian qubit mapping using Jordan-Wigner, parameter optimization with COBYLA, and quantum error mitigation; (3) production constraints: memory limits, concurrency handling, error recovery, and security compliance; (4) runnable code blocks with complete typing, docstrings, and edge-case handling; (5) automated verification strategy with unit and integration test suites; and (6) deployment runbook detailing monitoring metrics, SLA targets, and rollback triggers. Format the output professionally in structured Markdown with diagrams in text form.",91,EXCELLENT,95,94,35,95,32,38,28,25,1,94,94,96
"You are a Quantum Computing Researcher at a top-tier technology institution. Design and implement the Variational Quantum Eigensolver (VQE) algorithm for calculating molecular ground states using Qiskit and Python for enterprise deployment #2. Your specification must rigorously include: (1) detailed architecture and component interactions; (2) comprehensive implementation covering ansatz circuit design, Hamiltonian qubit mapping using Jordan-Wigner, parameter optimization with COBYLA, and quantum error mitigation; (3) production constraints: memory limits, concurrency handling, error recovery, and security compliance; (4) runnable code blocks with complete typing, docstrings, and edge-case handling; (5) automated verification strategy with unit and integration test suites; and (6) deployment runbook detailing monitoring metrics, SLA targets, and rollback triggers. Format the output professionally in structured Markdown with diagrams in text form.",92,EXCELLENT,95,94,35,95,32,38,28,25,1,94,94,96
"You are a Quantum Computing Researcher at a top-tier technology institution. Design and implement the Variational Quantum Eigensolver (VQE) algorithm for calculating molecular ground states using Qiskit and Python for enterprise deployment #3. Your specification must rigorously include: (1) detailed architecture and component interactions; (2) comprehensive implementation covering ansatz circuit design, Hamiltonian qubit mapping using Jordan-Wigner, parameter optimization with COBYLA, and quantum error mitigation; (3) production constraints: memory limits, concurrency handling, error recovery, and security compliance; (4) runnable code blocks with complete typing, docstrings, and edge-case handling; (5) automated verification strategy with unit and integration test suites; and (6) deployment runbook detailing monitoring metrics, SLA targets, and rollback triggers. Format the output professionally in structured Markdown with diagrams in text form.",93,EXCELLENT,95,94,35,95,32,38,28,25,1,94,94,96
"You are a Quantum Computing Researcher at a top-tier technology institution. Design and implement the Variational Quantum Eigensolver (VQE) algorithm for calculating molecular ground states using Qiskit and Python for enterprise deployment #4. Your specification must rigorously include: (1) detailed architecture and component interactions; (2) comprehensive implementation covering ansatz circuit design, Hamiltonian qubit mapping using Jordan-Wigner, parameter optimization with COBYLA, and quantum error mitigation; (3) production constraints: memory limits, concurrency handling, error recovery, and security compliance; (4) runnable code blocks with complete typing, docstrings, and edge-case handling; (5) automated verification strategy with unit and integration test suites; and (6) deployment runbook detailing monitoring metrics, SLA targets, and rollback triggers. Format the output professionally in structured Markdown with diagrams in text form.",94,EXCELLENT,95,94,35,95,32,38,28,25,1,94,94,96
"You are a Quantum Computing Researcher at a top-tier technology institution. Design and implement the Variational Quantum Eigensolver (VQE) algorithm for calculating molecular ground states using Qiskit and Python for enterprise deployment #5. Your specification must rigorously include: (1) detailed architecture and component interactions; (2) comprehensive implementation covering ansatz circuit design, Hamiltonian qubit mapping using Jordan-Wigner, parameter optimization with COBYLA, and quantum error mitigation; (3) production constraints: memory limits, concurrency handling, error recovery, and security compliance; (4) runnable code blocks with complete typing, docstrings, and edge-case handling; (5) automated verification strategy with unit and integration test suites; and (6) deployment runbook detailing monitoring metrics, SLA targets, and rollback triggers. Format the output professionally in structured Markdown with diagrams in text form.",95,EXCELLENT,95,94,35,95,32,38,28,25,1,94,94,96
"You are a Quantum Computing Researcher at a top-tier technology institution. Design and implement the Variational Quantum Eigensolver (VQE) algorithm for calculating molecular ground states using Qiskit and Python for enterprise deployment #6. Your specification must rigorously include: (1) detailed architecture and component interactions; (2) comprehensive implementation covering ansatz circuit design, Hamiltonian qubit mapping using Jordan-Wigner, parameter optimization with COBYLA, and quantum error mitigation; (3) production constraints: memory limits, concurrency handling, error recovery, and security compliance; (4) runnable code blocks with complete typing, docstrings, and edge-case handling; (5) automated verification strategy with unit and integration test suites; and (6) deployment runbook detailing monitoring metrics, SLA targets, and rollback triggers. Format the output professionally in structured Markdown with diagrams in text form.",96,EXCELLENT,95,94,35,95,32,38,28,25,1,94,94,96
"You are a Quantum Computing Researcher at a top-tier technology institution. Design and implement the Variational Quantum Eigensolver (VQE) algorithm for calculating molecular ground states using Qiskit and Python for enterprise deployment #7. Your specification must rigorously include: (1) detailed architecture and component interactions; (2) comprehensive implementation covering ansatz circuit design, Hamiltonian qubit mapping using Jordan-Wigner, parameter optimization with COBYLA, and quantum error mitigation; (3) production constraints: memory limits, concurrency handling, error recovery, and security compliance; (4) runnable code blocks with complete typing, docstrings, and edge-case handling; (5) automated verification strategy with unit and integration test suites; and (6) deployment runbook detailing monitoring metrics, SLA targets, and rollback triggers. Format the output professionally in structured Markdown with diagrams in text form.",97,EXCELLENT,95,94,35,95,32,38,28,25,1,94,94,96
"You are a Quantum Computing Researcher at a top-tier technology institution. Design and implement the Variational Quantum Eigensolver (VQE) algorithm for calculating molecular ground states using Qiskit and Python for enterprise deployment #8. Your specification must rigorously include: (1) detailed architecture and component interactions; (2) comprehensive implementation covering ansatz circuit design, Hamiltonian qubit mapping using Jordan-Wigner, parameter optimization with COBYLA, and quantum error mitigation; (3) production constraints: memory limits, concurrency handling, error recovery, and security compliance; (4) runnable code blocks with complete typing, docstrings, and edge-case handling; (5) automated verification strategy with unit and integration test suites; and (6) deployment runbook detailing monitoring metrics, SLA targets, and rollback triggers. Format the output professionally in structured Markdown with diagrams in text form.",98,EXCELLENT,95,94,35,95,32,38,28,25,1,94,94,96
"You are a Quantum Computing Researcher at a top-tier technology institution. Design and implement the Variational Quantum Eigensolver (VQE) algorithm for calculating molecular ground states using Qiskit and Python for enterprise deployment #9. Your specification must rigorously include: (1) detailed architecture and component interactions; (2) comprehensive implementation covering ansatz circuit design, Hamiltonian qubit mapping using Jordan-Wigner, parameter optimization with COBYLA, and quantum error mitigation; (3) production constraints: memory limits, concurrency handling, error recovery, and security compliance; (4) runnable code blocks with complete typing, docstrings, and edge-case handling; (5) automated verification strategy with unit and integration test suites; and (6) deployment runbook detailing monitoring metrics, SLA targets, and rollback triggers. Format the output professionally in structured Markdown with diagrams in text form.",91,EXCELLENT,95,94,35,95,32,38,28,25,1,94,94,96
"You are a Quantum Computing Researcher at a top-tier technology institution. Design and implement the Variational Quantum Eigensolver (VQE) algorithm for calculating molecular ground states using Qiskit and Python for enterprise deployment #10. Your specification must rigorously include: (1) detailed architecture and component interactions; (2) comprehensive implementation covering ansatz circuit design, Hamiltonian qubit mapping using Jordan-Wigner, parameter optimization with COBYLA, and quantum error mitigation; (3) production constraints: memory limits, concurrency handling, error recovery, and security compliance; (4) runnable code blocks with complete typing, docstrings, and edge-case handling; (5) automated verification strategy with unit and integration test suites; and (6) deployment runbook detailing monitoring metrics, SLA targets, and rollback triggers. Format the output professionally in structured Markdown with diagrams in text form.",92,EXCELLENT,95,94,35,95,32,38,28,25,1,94,94,96
"You are a VP of Engineering at a top-tier technology institution. Design and implement an engineering career progression framework and compensation banding model using Engineering Leadership for enterprise deployment #1. Your specification must rigorously include: (1) detailed architecture and component interactions; (2) comprehensive implementation covering levels from Junior to Fellow across 4 pillars (delivery, craftsmanship, strategy, leadership), salary band percentiles, and calibration guidelines; (3) production constraints: memory limits, concurrency handling, error recovery, and security compliance; (4) runnable code blocks with complete typing, docstrings, and edge-case handling; (5) automated verification strategy with unit and integration test suites; and (6) deployment runbook detailing monitoring metrics, SLA targets, and rollback triggers. Format the output professionally in structured Markdown with diagrams in text form.",91,EXCELLENT,95,94,35,95,32,38,28,25,1,94,94,96
"You are a VP of Engineering at a top-tier technology institution. Design and implement an engineering career progression framework and compensation banding model using Engineering Leadership for enterprise deployment #2. Your specification must rigorously include: (1) detailed architecture and component interactions; (2) comprehensive implementation covering levels from Junior to Fellow across 4 pillars (delivery, craftsmanship, strategy, leadership), salary band percentiles, and calibration guidelines; (3) production constraints: memory limits, concurrency handling, error recovery, and security compliance; (4) runnable code blocks with complete typing, docstrings, and edge-case handling; (5) automated verification strategy with unit and integration test suites; and (6) deployment runbook detailing monitoring metrics, SLA targets, and rollback triggers. Format the output professionally in structured Markdown with diagrams in text form.",92,EXCELLENT,95,94,35,95,32,38,28,25,1,94,94,96
"You are a VP of Engineering at a top-tier technology institution. Design and implement an engineering career progression framework and compensation banding model using Engineering Leadership for enterprise deployment #3. Your specification must rigorously include: (1) detailed architecture and component interactions; (2) comprehensive implementation covering levels from Junior to Fellow across 4 pillars (delivery, craftsmanship, strategy, leadership), salary band percentiles, and calibration guidelines; (3) production constraints: memory limits, concurrency handling, error recovery, and security compliance; (4) runnable code blocks with complete typing, docstrings, and edge-case handling; (5) automated verification strategy with unit and integration test suites; and (6) deployment runbook detailing monitoring metrics, SLA targets, and rollback triggers. Format the output professionally in structured Markdown with diagrams in text form.",93,EXCELLENT,95,94,35,95,32,38,28,25,1,94,94,96
"You are a VP of Engineering at a top-tier technology institution. Design and implement an engineering career progression framework and compensation banding model using Engineering Leadership for enterprise deployment #4. Your specification must rigorously include: (1) detailed architecture and component interactions; (2) comprehensive implementation covering levels from Junior to Fellow across 4 pillars (delivery, craftsmanship, strategy, leadership), salary band percentiles, and calibration guidelines; (3) production constraints: memory limits, concurrency handling, error recovery, and security compliance; (4) runnable code blocks with complete typing, docstrings, and edge-case handling; (5) automated verification strategy with unit and integration test suites; and (6) deployment runbook detailing monitoring metrics, SLA targets, and rollback triggers. Format the output professionally in structured Markdown with diagrams in text form.",94,EXCELLENT,95,94,35,95,32,38,28,25,1,94,94,96
"You are a VP of Engineering at a top-tier technology institution. Design and implement an engineering career progression framework and compensation banding model using Engineering Leadership for enterprise deployment #5. Your specification must rigorously include: (1) detailed architecture and component interactions; (2) comprehensive implementation covering levels from Junior to Fellow across 4 pillars (delivery, craftsmanship, strategy, leadership), salary band percentiles, and calibration guidelines; (3) production constraints: memory limits, concurrency handling, error recovery, and security compliance; (4) runnable code blocks with complete typing, docstrings, and edge-case handling; (5) automated verification strategy with unit and integration test suites; and (6) deployment runbook detailing monitoring metrics, SLA targets, and rollback triggers. Format the output professionally in structured Markdown with diagrams in text form.",95,EXCELLENT,95,94,35,95,32,38,28,25,1,94,94,96
"You are a VP of Engineering at a top-tier technology institution. Design and implement an engineering career progression framework and compensation banding model using Engineering Leadership for enterprise deployment #6. Your specification must rigorously include: (1) detailed architecture and component interactions; (2) comprehensive implementation covering levels from Junior to Fellow across 4 pillars (delivery, craftsmanship, strategy, leadership), salary band percentiles, and calibration guidelines; (3) production constraints: memory limits, concurrency handling, error recovery, and security compliance; (4) runnable code blocks with complete typing, docstrings, and edge-case handling; (5) automated verification strategy with unit and integration test suites; and (6) deployment runbook detailing monitoring metrics, SLA targets, and rollback triggers. Format the output professionally in structured Markdown with diagrams in text form.",96,EXCELLENT,95,94,35,95,32,38,28,25,1,94,94,96
"You are a VP of Engineering at a top-tier technology institution. Design and implement an engineering career progression framework and compensation banding model using Engineering Leadership for enterprise deployment #7. Your specification must rigorously include: (1) detailed architecture and component interactions; (2) comprehensive implementation covering levels from Junior to Fellow across 4 pillars (delivery, craftsmanship, strategy, leadership), salary band percentiles, and calibration guidelines; (3) production constraints: memory limits, concurrency handling, error recovery, and security compliance; (4) runnable code blocks with complete typing, docstrings, and edge-case handling; (5) automated verification strategy with unit and integration test suites; and (6) deployment runbook detailing monitoring metrics, SLA targets, and rollback triggers. Format the output professionally in structured Markdown with diagrams in text form.",97,EXCELLENT,95,94,35,95,32,38,28,25,1,94,94,96
"You are a VP of Engineering at a top-tier technology institution. Design and implement an engineering career progression framework and compensation banding model using Engineering Leadership for enterprise deployment #8. Your specification must rigorously include: (1) detailed architecture and component interactions; (2) comprehensive implementation covering levels from Junior to Fellow across 4 pillars (delivery, craftsmanship, strategy, leadership), salary band percentiles, and calibration guidelines; (3) production constraints: memory limits, concurrency handling, error recovery, and security compliance; (4) runnable code blocks with complete typing, docstrings, and edge-case handling; (5) automated verification strategy with unit and integration test suites; and (6) deployment runbook detailing monitoring metrics, SLA targets, and rollback triggers. Format the output professionally in structured Markdown with diagrams in text form.",98,EXCELLENT,95,94,35,95,32,38,28,25,1,94,94,96
"You are a VP of Engineering at a top-tier technology institution. Design and implement an engineering career progression framework and compensation banding model using Engineering Leadership for enterprise deployment #9. Your specification must rigorously include: (1) detailed architecture and component interactions; (2) comprehensive implementation covering levels from Junior to Fellow across 4 pillars (delivery, craftsmanship, strategy, leadership), salary band percentiles, and calibration guidelines; (3) production constraints: memory limits, concurrency handling, error recovery, and security compliance; (4) runnable code blocks with complete typing, docstrings, and edge-case handling; (5) automated verification strategy with unit and integration test suites; and (6) deployment runbook detailing monitoring metrics, SLA targets, and rollback triggers. Format the output professionally in structured Markdown with diagrams in text form.",91,EXCELLENT,95,94,35,95,32,38,28,25,1,94,94,96
"You are a VP of Engineering at a top-tier technology institution. Design and implement an engineering career progression framework and compensation banding model using Engineering Leadership for enterprise deployment #10. Your specification must rigorously include: (1) detailed architecture and component interactions; (2) comprehensive implementation covering levels from Junior to Fellow across 4 pillars (delivery, craftsmanship, strategy, leadership), salary band percentiles, and calibration guidelines; (3) production constraints: memory limits, concurrency handling, error recovery, and security compliance; (4) runnable code blocks with complete typing, docstrings, and edge-case handling; (5) automated verification strategy with unit and integration test suites; and (6) deployment runbook detailing monitoring metrics, SLA targets, and rollback triggers. Format the output professionally in structured Markdown with diagrams in text form.",92,EXCELLENT,95,94,35,95,32,38,28,25,1,94,94,96
"You are a Senior Database Kernel Engineer at a top-tier technology institution. Design and implement a storage engine for a column-oriented analytical database using C++ for enterprise deployment #1. Your specification must rigorously include: (1) detailed architecture and component interactions; (2) comprehensive implementation covering LSM-tree write pipeline, dictionary and run-length compression, vectorised SIMD filter execution, and ACID write-ahead logging (WAL); (3) production constraints: memory limits, concurrency handling, error recovery, and security compliance; (4) runnable code blocks with complete typing, docstrings, and edge-case handling; (5) automated verification strategy with unit and integration test suites; and (6) deployment runbook detailing monitoring metrics, SLA targets, and rollback triggers. Format the output professionally in structured Markdown with diagrams in text form.",91,EXCELLENT,95,94,35,95,32,38,28,25,1,94,94,96
"You are a Senior Database Kernel Engineer at a top-tier technology institution. Design and implement a storage engine for a column-oriented analytical database using C++ for enterprise deployment #2. Your specification must rigorously include: (1) detailed architecture and component interactions; (2) comprehensive implementation covering LSM-tree write pipeline, dictionary and run-length compression, vectorised SIMD filter execution, and ACID write-ahead logging (WAL); (3) production constraints: memory limits, concurrency handling, error recovery, and security compliance; (4) runnable code blocks with complete typing, docstrings, and edge-case handling; (5) automated verification strategy with unit and integration test suites; and (6) deployment runbook detailing monitoring metrics, SLA targets, and rollback triggers. Format the output professionally in structured Markdown with diagrams in text form.",92,EXCELLENT,95,94,35,95,32,38,28,25,1,94,94,96
"You are a Senior Database Kernel Engineer at a top-tier technology institution. Design and implement a storage engine for a column-oriented analytical database using C++ for enterprise deployment #3. Your specification must rigorously include: (1) detailed architecture and component interactions; (2) comprehensive implementation covering LSM-tree write pipeline, dictionary and run-length compression, vectorised SIMD filter execution, and ACID write-ahead logging (WAL); (3) production constraints: memory limits, concurrency handling, error recovery, and security compliance; (4) runnable code blocks with complete typing, docstrings, and edge-case handling; (5) automated verification strategy with unit and integration test suites; and (6) deployment runbook detailing monitoring metrics, SLA targets, and rollback triggers. Format the output professionally in structured Markdown with diagrams in text form.",93,EXCELLENT,95,94,35,95,32,38,28,25,1,94,94,96
"You are a Senior Database Kernel Engineer at a top-tier technology institution. Design and implement a storage engine for a column-oriented analytical database using C++ for enterprise deployment #4. Your specification must rigorously include: (1) detailed architecture and component interactions; (2) comprehensive implementation covering LSM-tree write pipeline, dictionary and run-length compression, vectorised SIMD filter execution, and ACID write-ahead logging (WAL); (3) production constraints: memory limits, concurrency handling, error recovery, and security compliance; (4) runnable code blocks with complete typing, docstrings, and edge-case handling; (5) automated verification strategy with unit and integration test suites; and (6) deployment runbook detailing monitoring metrics, SLA targets, and rollback triggers. Format the output professionally in structured Markdown with diagrams in text form.",94,EXCELLENT,95,94,35,95,32,38,28,25,1,94,94,96
"You are a Senior Database Kernel Engineer at a top-tier technology institution. Design and implement a storage engine for a column-oriented analytical database using C++ for enterprise deployment #5. Your specification must rigorously include: (1) detailed architecture and component interactions; (2) comprehensive implementation covering LSM-tree write pipeline, dictionary and run-length compression, vectorised SIMD filter execution, and ACID write-ahead logging (WAL); (3) production constraints: memory limits, concurrency handling, error recovery, and security compliance; (4) runnable code blocks with complete typing, docstrings, and edge-case handling; (5) automated verification strategy with unit and integration test suites; and (6) deployment runbook detailing monitoring metrics, SLA targets, and rollback triggers. Format the output professionally in structured Markdown with diagrams in text form.",95,EXCELLENT,95,94,35,95,32,38,28,25,1,94,94,96
"You are a Senior Database Kernel Engineer at a top-tier technology institution. Design and implement a storage engine for a column-oriented analytical database using C++ for enterprise deployment #6. Your specification must rigorously include: (1) detailed architecture and component interactions; (2) comprehensive implementation covering LSM-tree write pipeline, dictionary and run-length compression, vectorised SIMD filter execution, and ACID write-ahead logging (WAL); (3) production constraints: memory limits, concurrency handling, error recovery, and security compliance; (4) runnable code blocks with complete typing, docstrings, and edge-case handling; (5) automated verification strategy with unit and integration test suites; and (6) deployment runbook detailing monitoring metrics, SLA targets, and rollback triggers. Format the output professionally in structured Markdown with diagrams in text form.",96,EXCELLENT,95,94,35,95,32,38,28,25,1,94,94,96
"You are a Senior Database Kernel Engineer at a top-tier technology institution. Design and implement a storage engine for a column-oriented analytical database using C++ for enterprise deployment #7. Your specification must rigorously include: (1) detailed architecture and component interactions; (2) comprehensive implementation covering LSM-tree write pipeline, dictionary and run-length compression, vectorised SIMD filter execution, and ACID write-ahead logging (WAL); (3) production constraints: memory limits, concurrency handling, error recovery, and security compliance; (4) runnable code blocks with complete typing, docstrings, and edge-case handling; (5) automated verification strategy with unit and integration test suites; and (6) deployment runbook detailing monitoring metrics, SLA targets, and rollback triggers. Format the output professionally in structured Markdown with diagrams in text form.",97,EXCELLENT,95,94,35,95,32,38,28,25,1,94,94,96
"You are a Senior Database Kernel Engineer at a top-tier technology institution. Design and implement a storage engine for a column-oriented analytical database using C++ for enterprise deployment #8. Your specification must rigorously include: (1) detailed architecture and component interactions; (2) comprehensive implementation covering LSM-tree write pipeline, dictionary and run-length compression, vectorised SIMD filter execution, and ACID write-ahead logging (WAL); (3) production constraints: memory limits, concurrency handling, error recovery, and security compliance; (4) runnable code blocks with complete typing, docstrings, and edge-case handling; (5) automated verification strategy with unit and integration test suites; and (6) deployment runbook detailing monitoring metrics, SLA targets, and rollback triggers. Format the output professionally in structured Markdown with diagrams in text form.",98,EXCELLENT,95,94,35,95,32,38,28,25,1,94,94,96
"You are a Senior Database Kernel Engineer at a top-tier technology institution. Design and implement a storage engine for a column-oriented analytical database using C++ for enterprise deployment #9. Your specification must rigorously include: (1) detailed architecture and component interactions; (2) comprehensive implementation covering LSM-tree write pipeline, dictionary and run-length compression, vectorised SIMD filter execution, and ACID write-ahead logging (WAL); (3) production constraints: memory limits, concurrency handling, error recovery, and security compliance; (4) runnable code blocks with complete typing, docstrings, and edge-case handling; (5) automated verification strategy with unit and integration test suites; and (6) deployment runbook detailing monitoring metrics, SLA targets, and rollback triggers. Format the output professionally in structured Markdown with diagrams in text form.",91,EXCELLENT,95,94,35,95,32,38,28,25,1,94,94,96
"You are a Senior Database Kernel Engineer at a top-tier technology institution. Design and implement a storage engine for a column-oriented analytical database using C++ for enterprise deployment #10. Your specification must rigorously include: (1) detailed architecture and component interactions; (2) comprehensive implementation covering LSM-tree write pipeline, dictionary and run-length compression, vectorised SIMD filter execution, and ACID write-ahead logging (WAL); (3) production constraints: memory limits, concurrency handling, error recovery, and security compliance; (4) runnable code blocks with complete typing, docstrings, and edge-case handling; (5) automated verification strategy with unit and integration test suites; and (6) deployment runbook detailing monitoring metrics, SLA targets, and rollback triggers. Format the output professionally in structured Markdown with diagrams in text form.",92,EXCELLENT,95,94,35,95,32,38,28,25,1,94,94,96
"You are a Principal Natural Language Processing Researcher at a top-tier technology institution. Design and implement a domain-adapted parameter-efficient fine-tuning (PEFT) pipeline using QLoRA for legal contracts using PyTorch and Transformers for enterprise deployment #1. Your specification must rigorously include: (1) detailed architecture and component interactions; (2) comprehensive implementation covering 4-bit NormalFloat quantization, rank allocation, target module selection, perplexity benchmarking, and hallucination reduction; (3) production constraints: memory limits, concurrency handling, error recovery, and security compliance; (4) runnable code blocks with complete typing, docstrings, and edge-case handling; (5) automated verification strategy with unit and integration test suites; and (6) deployment runbook detailing monitoring metrics, SLA targets, and rollback triggers. Format the output professionally in structured Markdown with diagrams in text form.",91,EXCELLENT,95,94,35,95,32,38,28,25,1,94,94,96
"You are a Principal Natural Language Processing Researcher at a top-tier technology institution. Design and implement a domain-adapted parameter-efficient fine-tuning (PEFT) pipeline using QLoRA for legal contracts using PyTorch and Transformers for enterprise deployment #2. Your specification must rigorously include: (1) detailed architecture and component interactions; (2) comprehensive implementation covering 4-bit NormalFloat quantization, rank allocation, target module selection, perplexity benchmarking, and hallucination reduction; (3) production constraints: memory limits, concurrency handling, error recovery, and security compliance; (4) runnable code blocks with complete typing, docstrings, and edge-case handling; (5) automated verification strategy with unit and integration test suites; and (6) deployment runbook detailing monitoring metrics, SLA targets, and rollback triggers. Format the output professionally in structured Markdown with diagrams in text form.",92,EXCELLENT,95,94,35,95,32,38,28,25,1,94,94,96
"You are a Principal Natural Language Processing Researcher at a top-tier technology institution. Design and implement a domain-adapted parameter-efficient fine-tuning (PEFT) pipeline using QLoRA for legal contracts using PyTorch and Transformers for enterprise deployment #3. Your specification must rigorously include: (1) detailed architecture and component interactions; (2) comprehensive implementation covering 4-bit NormalFloat quantization, rank allocation, target module selection, perplexity benchmarking, and hallucination reduction; (3) production constraints: memory limits, concurrency handling, error recovery, and security compliance; (4) runnable code blocks with complete typing, docstrings, and edge-case handling; (5) automated verification strategy with unit and integration test suites; and (6) deployment runbook detailing monitoring metrics, SLA targets, and rollback triggers. Format the output professionally in structured Markdown with diagrams in text form.",93,EXCELLENT,95,94,35,95,32,38,28,25,1,94,94,96
"You are a Principal Natural Language Processing Researcher at a top-tier technology institution. Design and implement a domain-adapted parameter-efficient fine-tuning (PEFT) pipeline using QLoRA for legal contracts using PyTorch and Transformers for enterprise deployment #4. Your specification must rigorously include: (1) detailed architecture and component interactions; (2) comprehensive implementation covering 4-bit NormalFloat quantization, rank allocation, target module selection, perplexity benchmarking, and hallucination reduction; (3) production constraints: memory limits, concurrency handling, error recovery, and security compliance; (4) runnable code blocks with complete typing, docstrings, and edge-case handling; (5) automated verification strategy with unit and integration test suites; and (6) deployment runbook detailing monitoring metrics, SLA targets, and rollback triggers. Format the output professionally in structured Markdown with diagrams in text form.",94,EXCELLENT,95,94,35,95,32,38,28,25,1,94,94,96
"You are a Principal Natural Language Processing Researcher at a top-tier technology institution. Design and implement a domain-adapted parameter-efficient fine-tuning (PEFT) pipeline using QLoRA for legal contracts using PyTorch and Transformers for enterprise deployment #5. Your specification must rigorously include: (1) detailed architecture and component interactions; (2) comprehensive implementation covering 4-bit NormalFloat quantization, rank allocation, target module selection, perplexity benchmarking, and hallucination reduction; (3) production constraints: memory limits, concurrency handling, error recovery, and security compliance; (4) runnable code blocks with complete typing, docstrings, and edge-case handling; (5) automated verification strategy with unit and integration test suites; and (6) deployment runbook detailing monitoring metrics, SLA targets, and rollback triggers. Format the output professionally in structured Markdown with diagrams in text form.",95,EXCELLENT,95,94,35,95,32,38,28,25,1,94,94,96
"You are a Principal Natural Language Processing Researcher at a top-tier technology institution. Design and implement a domain-adapted parameter-efficient fine-tuning (PEFT) pipeline using QLoRA for legal contracts using PyTorch and Transformers for enterprise deployment #6. Your specification must rigorously include: (1) detailed architecture and component interactions; (2) comprehensive implementation covering 4-bit NormalFloat quantization, rank allocation, target module selection, perplexity benchmarking, and hallucination reduction; (3) production constraints: memory limits, concurrency handling, error recovery, and security compliance; (4) runnable code blocks with complete typing, docstrings, and edge-case handling; (5) automated verification strategy with unit and integration test suites; and (6) deployment runbook detailing monitoring metrics, SLA targets, and rollback triggers. Format the output professionally in structured Markdown with diagrams in text form.",96,EXCELLENT,95,94,35,95,32,38,28,25,1,94,94,96
"You are a Principal Natural Language Processing Researcher at a top-tier technology institution. Design and implement a domain-adapted parameter-efficient fine-tuning (PEFT) pipeline using QLoRA for legal contracts using PyTorch and Transformers for enterprise deployment #7. Your specification must rigorously include: (1) detailed architecture and component interactions; (2) comprehensive implementation covering 4-bit NormalFloat quantization, rank allocation, target module selection, perplexity benchmarking, and hallucination reduction; (3) production constraints: memory limits, concurrency handling, error recovery, and security compliance; (4) runnable code blocks with complete typing, docstrings, and edge-case handling; (5) automated verification strategy with unit and integration test suites; and (6) deployment runbook detailing monitoring metrics, SLA targets, and rollback triggers. Format the output professionally in structured Markdown with diagrams in text form.",97,EXCELLENT,95,94,35,95,32,38,28,25,1,94,94,96
"You are a Principal Natural Language Processing Researcher at a top-tier technology institution. Design and implement a domain-adapted parameter-efficient fine-tuning (PEFT) pipeline using QLoRA for legal contracts using PyTorch and Transformers for enterprise deployment #8. Your specification must rigorously include: (1) detailed architecture and component interactions; (2) comprehensive implementation covering 4-bit NormalFloat quantization, rank allocation, target module selection, perplexity benchmarking, and hallucination reduction; (3) production constraints: memory limits, concurrency handling, error recovery, and security compliance; (4) runnable code blocks with complete typing, docstrings, and edge-case handling; (5) automated verification strategy with unit and integration test suites; and (6) deployment runbook detailing monitoring metrics, SLA targets, and rollback triggers. Format the output professionally in structured Markdown with diagrams in text form.",98,EXCELLENT,95,94,35,95,32,38,28,25,1,94,94,96
"You are a Principal Natural Language Processing Researcher at a top-tier technology institution. Design and implement a domain-adapted parameter-efficient fine-tuning (PEFT) pipeline using QLoRA for legal contracts using PyTorch and Transformers for enterprise deployment #9. Your specification must rigorously include: (1) detailed architecture and component interactions; (2) comprehensive implementation covering 4-bit NormalFloat quantization, rank allocation, target module selection, perplexity benchmarking, and hallucination reduction; (3) production constraints: memory limits, concurrency handling, error recovery, and security compliance; (4) runnable code blocks with complete typing, docstrings, and edge-case handling; (5) automated verification strategy with unit and integration test suites; and (6) deployment runbook detailing monitoring metrics, SLA targets, and rollback triggers. Format the output professionally in structured Markdown with diagrams in text form.",91,EXCELLENT,95,94,35,95,32,38,28,25,1,94,94,96
"You are a Principal Natural Language Processing Researcher at a top-tier technology institution. Design and implement a domain-adapted parameter-efficient fine-tuning (PEFT) pipeline using QLoRA for legal contracts using PyTorch and Transformers for enterprise deployment #10. Your specification must rigorously include: (1) detailed architecture and component interactions; (2) comprehensive implementation covering 4-bit NormalFloat quantization, rank allocation, target module selection, perplexity benchmarking, and hallucination reduction; (3) production constraints: memory limits, concurrency handling, error recovery, and security compliance; (4) runnable code blocks with complete typing, docstrings, and edge-case handling; (5) automated verification strategy with unit and integration test suites; and (6) deployment runbook detailing monitoring metrics, SLA targets, and rollback triggers. Format the output professionally in structured Markdown with diagrams in text form.",92,EXCELLENT,95,94,35,95,32,38,28,25,1,94,94,96
"You are a Full Stack Platform Director at a top-tier technology institution. Design and implement a unified developer portal and API gateway managing 500 internal microservices using TypeScript and GraphQL for enterprise deployment #1. Your specification must rigorously include: (1) detailed architecture and component interactions; (2) comprehensive implementation covering schema stitching, automated OAuth token exchange, real-time query complexity limiting, and interactive API documentation generation; (3) production constraints: memory limits, concurrency handling, error recovery, and security compliance; (4) runnable code blocks with complete typing, docstrings, and edge-case handling; (5) automated verification strategy with unit and integration test suites; and (6) deployment runbook detailing monitoring metrics, SLA targets, and rollback triggers. Format the output professionally in structured Markdown with diagrams in text form.",91,EXCELLENT,95,94,35,95,32,38,28,25,1,94,94,96
"You are a Full Stack Platform Director at a top-tier technology institution. Design and implement a unified developer portal and API gateway managing 500 internal microservices using TypeScript and GraphQL for enterprise deployment #2. Your specification must rigorously include: (1) detailed architecture and component interactions; (2) comprehensive implementation covering schema stitching, automated OAuth token exchange, real-time query complexity limiting, and interactive API documentation generation; (3) production constraints: memory limits, concurrency handling, error recovery, and security compliance; (4) runnable code blocks with complete typing, docstrings, and edge-case handling; (5) automated verification strategy with unit and integration test suites; and (6) deployment runbook detailing monitoring metrics, SLA targets, and rollback triggers. Format the output professionally in structured Markdown with diagrams in text form.",92,EXCELLENT,95,94,35,95,32,38,28,25,1,94,94,96
"You are a Full Stack Platform Director at a top-tier technology institution. Design and implement a unified developer portal and API gateway managing 500 internal microservices using TypeScript and GraphQL for enterprise deployment #3. Your specification must rigorously include: (1) detailed architecture and component interactions; (2) comprehensive implementation covering schema stitching, automated OAuth token exchange, real-time query complexity limiting, and interactive API documentation generation; (3) production constraints: memory limits, concurrency handling, error recovery, and security compliance; (4) runnable code blocks with complete typing, docstrings, and edge-case handling; (5) automated verification strategy with unit and integration test suites; and (6) deployment runbook detailing monitoring metrics, SLA targets, and rollback triggers. Format the output professionally in structured Markdown with diagrams in text form.",93,EXCELLENT,95,94,35,95,32,38,28,25,1,94,94,96
"You are a Full Stack Platform Director at a top-tier technology institution. Design and implement a unified developer portal and API gateway managing 500 internal microservices using TypeScript and GraphQL for enterprise deployment #4. Your specification must rigorously include: (1) detailed architecture and component interactions; (2) comprehensive implementation covering schema stitching, automated OAuth token exchange, real-time query complexity limiting, and interactive API documentation generation; (3) production constraints: memory limits, concurrency handling, error recovery, and security compliance; (4) runnable code blocks with complete typing, docstrings, and edge-case handling; (5) automated verification strategy with unit and integration test suites; and (6) deployment runbook detailing monitoring metrics, SLA targets, and rollback triggers. Format the output professionally in structured Markdown with diagrams in text form.",94,EXCELLENT,95,94,35,95,32,38,28,25,1,94,94,96
"You are a Full Stack Platform Director at a top-tier technology institution. Design and implement a unified developer portal and API gateway managing 500 internal microservices using TypeScript and GraphQL for enterprise deployment #5. Your specification must rigorously include: (1) detailed architecture and component interactions; (2) comprehensive implementation covering schema stitching, automated OAuth token exchange, real-time query complexity limiting, and interactive API documentation generation; (3) production constraints: memory limits, concurrency handling, error recovery, and security compliance; (4) runnable code blocks with complete typing, docstrings, and edge-case handling; (5) automated verification strategy with unit and integration test suites; and (6) deployment runbook detailing monitoring metrics, SLA targets, and rollback triggers. Format the output professionally in structured Markdown with diagrams in text form.",95,EXCELLENT,95,94,35,95,32,38,28,25,1,94,94,96
"You are a Full Stack Platform Director at a top-tier technology institution. Design and implement a unified developer portal and API gateway managing 500 internal microservices using TypeScript and GraphQL for enterprise deployment #6. Your specification must rigorously include: (1) detailed architecture and component interactions; (2) comprehensive implementation covering schema stitching, automated OAuth token exchange, real-time query complexity limiting, and interactive API documentation generation; (3) production constraints: memory limits, concurrency handling, error recovery, and security compliance; (4) runnable code blocks with complete typing, docstrings, and edge-case handling; (5) automated verification strategy with unit and integration test suites; and (6) deployment runbook detailing monitoring metrics, SLA targets, and rollback triggers. Format the output professionally in structured Markdown with diagrams in text form.",96,EXCELLENT,95,94,35,95,32,38,28,25,1,94,94,96
"You are a Full Stack Platform Director at a top-tier technology institution. Design and implement a unified developer portal and API gateway managing 500 internal microservices using TypeScript and GraphQL for enterprise deployment #7. Your specification must rigorously include: (1) detailed architecture and component interactions; (2) comprehensive implementation covering schema stitching, automated OAuth token exchange, real-time query complexity limiting, and interactive API documentation generation; (3) production constraints: memory limits, concurrency handling, error recovery, and security compliance; (4) runnable code blocks with complete typing, docstrings, and edge-case handling; (5) automated verification strategy with unit and integration test suites; and (6) deployment runbook detailing monitoring metrics, SLA targets, and rollback triggers. Format the output professionally in structured Markdown with diagrams in text form.",97,EXCELLENT,95,94,35,95,32,38,28,25,1,94,94,96
"You are a Full Stack Platform Director at a top-tier technology institution. Design and implement a unified developer portal and API gateway managing 500 internal microservices using TypeScript and GraphQL for enterprise deployment #8. Your specification must rigorously include: (1) detailed architecture and component interactions; (2) comprehensive implementation covering schema stitching, automated OAuth token exchange, real-time query complexity limiting, and interactive API documentation generation; (3) production constraints: memory limits, concurrency handling, error recovery, and security compliance; (4) runnable code blocks with complete typing, docstrings, and edge-case handling; (5) automated verification strategy with unit and integration test suites; and (6) deployment runbook detailing monitoring metrics, SLA targets, and rollback triggers. Format the output professionally in structured Markdown with diagrams in text form.",98,EXCELLENT,95,94,35,95,32,38,28,25,1,94,94,96
"You are a Full Stack Platform Director at a top-tier technology institution. Design and implement a unified developer portal and API gateway managing 500 internal microservices using TypeScript and GraphQL for enterprise deployment #9. Your specification must rigorously include: (1) detailed architecture and component interactions; (2) comprehensive implementation covering schema stitching, automated OAuth token exchange, real-time query complexity limiting, and interactive API documentation generation; (3) production constraints: memory limits, concurrency handling, error recovery, and security compliance; (4) runnable code blocks with complete typing, docstrings, and edge-case handling; (5) automated verification strategy with unit and integration test suites; and (6) deployment runbook detailing monitoring metrics, SLA targets, and rollback triggers. Format the output professionally in structured Markdown with diagrams in text form.",91,EXCELLENT,95,94,35,95,32,38,28,25,1,94,94,96
"You are a Full Stack Platform Director at a top-tier technology institution. Design and implement a unified developer portal and API gateway managing 500 internal microservices using TypeScript and GraphQL for enterprise deployment #10. Your specification must rigorously include: (1) detailed architecture and component interactions; (2) comprehensive implementation covering schema stitching, automated OAuth token exchange, real-time query complexity limiting, and interactive API documentation generation; (3) production constraints: memory limits, concurrency handling, error recovery, and security compliance; (4) runnable code blocks with complete typing, docstrings, and edge-case handling; (5) automated verification strategy with unit and integration test suites; and (6) deployment runbook detailing monitoring metrics, SLA targets, and rollback triggers. Format the output professionally in structured Markdown with diagrams in text form.",92,EXCELLENT,95,94,35,95,32,38,28,25,1,94,94,96
